orderNumber,warehouseCode,productCode,daysToShipping,lineTotal
10210,a,S10_2016,8,2598.77
10210,a,S10_4698,8,6452.86
10210,a,S18_1662,8,4399.52
10210,a,S18_2581,8,3421.50
10210,a,S18_2625,8,2059.20
10210,a,S24_1785,8,2718.09
10210,a,S24_2000,8,1896.60
10210,a,S24_3949,8,1642.56
10210,a,S24_4278,8,2724.00
10210,a,S32_1374,8,3905.86
10210,c,S32_4289,8,2226.90
10210,c,S50_1341,8,1857.60
10210,a,S700_1691,8,1841.49
10210,a,S700_2466,8,2437.24
10210,a,S700_2834,8,2462.00
10210,a,S700_3167,8,1984.00
10210,a,S700_4002,8,2549.40
10258,b,S10_1949,8,5691.84
10258,d,S12_1666,8,5491.54
10258,d,S18_1097,8,4639.97
10258,c,S18_4668,8,1046.01
10258,d,S32_3522,8,1254.00
10258,b,S700_2824,8,3914.55
10240,b,S18_1129,7,5164.77
10240,b,S18_1984,7,5052.72
10240,b,S18_3685,7,4966.14
10339,a,S10_2016,7,4710.00
10339,a,S10_4698,7,6948.63
10339,a,S18_2581,7,2144.07
10339,a,S18_2625,7,1453.80
10339,a,S24_1578,7,2616.84
10339,a,S24_1785,7,2228.94
10339,a,S24_2841,7,3730.10
10339,c,S24_3151,7,4040.30
10339,c,S24_3420,7,1677.94
10339,c,S24_3816,7,3064.32
10339,a,S24_3949,7,2579.40
10339,d,S700_1138,7,1173.48
10339,d,S700_2047,7,4779.50
10339,d,S700_2610,7,3108.00
10339,a,S700_4002,7,3331.50
10339,a,S72_1253,7,1340.82
10121,a,S10_1678,6,2928.42
10121,a,S12_2823,6,6326.00
10121,a,S24_2360,6,1861.76
10121,a,S32_4485,6,2398.25
10121,a,S50_4713,6,3186.04
10133,a,S18_2581,6,3932.74
10133,a,S24_1785,6,4486.22
10133,a,S24_4278,6,2832.68
10133,a,S32_1374,6,1860.93
10133,c,S32_4289,6,3303.09
10133,c,S50_1341,6,1001.43
10133,a,S700_1691,6,1841.52
10133,a,S700_2834,6,3107.43
10138,c,S18_1749,6,4936.80
10138,c,S18_2248,6,1132.12
10138,c,S18_2325,6,4347.96
10138,c,S18_4409,6,3720.05
10138,b,S18_4933,6,1491.78
10138,b,S24_1046,6,2678.85
10138,c,S24_1937,6,730.18
10138,c,S24_2022,6,1271.49
10138,b,S24_2766,6,2060.80
10138,b,S24_2887,6,2889.00
10138,b,S24_3191,6,3775.45
10138,b,S24_3432,6,2091.18
10138,c,S24_3969,6,951.78
10140,b,S10_1949,6,6898.28
10140,b,S10_4962,6,3418.74
10140,d,S12_1666,6,4518.20
10140,d,S18_1097,6,3061.44
10140,d,S18_2432,6,2348.30
10140,d,S18_4600,6,4020.00
10140,c,S18_4668,6,1167.25
10140,d,S24_2300,6,5585.48
10140,d,S32_1268,6,2278.64
10140,d,S32_3522,6,1737.40
10140,b,S700_2824,6,3641.40
10145,a,S10_1678,6,3445.20
10145,a,S10_2016,6,3872.79
10145,a,S10_4698,6,5112.69
10145,a,S12_2823,6,7158.90
10145,a,S18_2581,6,2154.30
10145,a,S18_2625,6,1581.00
10145,a,S24_1578,6,4458.24
10145,a,S24_1785,6,3501.60
10145,a,S24_2000,6,3007.06
10145,a,S24_2360,6,1514.70
10145,a,S24_4278,6,2367.09
10145,a,S32_1374,6,3296.37
10145,a,S32_2206,6,1222.33
10145,a,S32_4485,6,2590.11
10145,a,S50_4713,6,2782.36
10145,a,S700_2834,6,2278.00
10152,b,S18_4027,6,4121.95
10152,b,S24_1444,6,1228.25
10152,b,S24_4048,6,2584.51
10152,d,S32_3207,6,1886.61
10154,c,S24_3151,6,2332.13
10154,d,S700_2610,6,2133.72
10159,a,S10_1678,6,3986.15
10159,a,S10_2016,6,3740.70
10159,a,S10_4698,6,3749.24
10159,b,S12_1099,6,7737.93
10159,a,S12_2823,6,4979.52
10159,b,S12_3990,6,1608.72
10159,a,S18_2625,6,2162.16
10159,b,S18_3278,6,1401.54
10159,b,S18_3482,6,3233.75
10159,a,S18_3782,6,1148.91
10159,b,S18_4721,6,4571.20
10159,a,S24_1578,6,4413.20
10159,a,S24_2360,6,1813.86
10159,b,S24_3371,6,2480.00
10159,b,S24_4620,6,1859.32
10159,a,S32_2206,6,1380.05
10159,a,S32_4485,6,1995.02
10159,a,S50_4713,6,2421.41
10160,b,S12_3380,6,4429.80
10160,b,S12_4675,6,4664.00
10160,b,S18_1889,6,2691.92
10160,b,S18_3232,6,2811.00
10160,b,S24_2972,6,1284.78
10160,b,S24_3856,6,4571.00
10166,c,S18_3140,6,5873.37
10166,c,S18_4522,6,1894.10
10166,d,S700_1938,6,2210.38
10172,b,S18_1589,6,4599.42
10172,b,S18_2870,6,4581.72
10172,b,S18_3685,6,6713.76
10172,b,S24_1046,6,1952.00
10172,b,S24_1628,6,1471.18
10172,b,S24_2766,6,1759.34
10172,b,S24_3191,6,1869.84
10172,b,S24_3432,6,1931.82
10176,b,S12_1108,6,5485.92
10176,b,S12_3148,6,6816.88
10176,b,S12_3891,6,8045.50
10176,b,S18_2238,6,2783.40
10176,b,S18_4027,6,5067.00
10176,b,S24_1444,6,1498.23
10176,b,S24_4048,6,2949.88
10176,d,S32_3207,6,1367.08
10176,d,S50_1392,6,2529.08
10176,d,S50_1514,6,1981.32
10182,c,S18_1342,6,2080.50
10182,c,S18_1367,6,1414.72
10182,c,S18_1749,6,7031.20
10182,c,S18_2248,6,2070.62
10182,c,S18_2325,6,2110.40
10182,c,S18_2795,6,2835.00
10182,c,S18_3320,6,2848.23
10182,c,S18_4409,6,3180.60
10182,b,S18_4933,6,2696.76
10182,b,S24_1046,6,2970.40
10182,c,S24_1937,6,1242.54
10182,c,S24_2022,6,1235.97
10182,b,S24_2766,6,3140.64
10182,b,S24_2887,6,2325.40
10182,b,S24_3191,6,2429.46
10182,b,S24_3432,6,4669.70
10182,c,S24_3969,6,802.24
10184,d,S12_4473,6,3902.39
10184,b,S18_2238,6,6703.12
10184,d,S18_2319,6,5476.30
10184,d,S18_2432,6,2673.88
10184,b,S18_3232,6,4646.60
10184,b,S24_1444,6,1773.82
10184,d,S24_2300,6,2821.68
10184,b,S24_2840,6,1262.52
10184,b,S24_4048,6,5621.77
10184,d,S32_1268,6,3898.50
10184,d,S32_2509,6,1732.17
10184,d,S32_3207,6,2833.44
10184,d,S50_1392,6,4167.00
10185,b,S12_1108,6,4101.93
10185,b,S12_3148,6,4836.15
10185,b,S12_3891,6,6324.01
10185,c,S18_3140,6,3480.40
10185,d,S18_3259,6,4644.71
10185,b,S18_4027,6,4984.98
10185,c,S18_4522,6,4125.19
10185,d,S24_2011,6,3170.70
10185,c,S24_3151,6,2745.60
10185,d,S50_1514,6,937.20
10185,d,S700_1138,6,1358.07
10185,d,S700_1938,6,2390.40
10185,d,S700_2610,6,2396.16
10185,d,S700_3505,6,3669.29
10185,d,S700_3962,6,2053.70
10185,d,S72_3212,6,1330.00
10188,a,S10_1678,6,4593.60
10188,a,S10_2016,6,4248.40
10188,a,S10_4698,6,8191.80
10188,a,S18_2625,6,1666.88
10188,a,S24_1578,6,2395.00
10188,a,S24_2000,6,2468.00
10188,a,S32_1374,6,3604.04
10188,a,S700_2834,6,2787.19
10189,a,S12_2823,6,3879.96
10193,c,S18_1342,6,2589.16
10193,c,S18_1367,6,2132.56
10193,c,S18_1749,6,3213.00
10193,c,S18_2248,6,2542.68
10193,c,S18_2325,6,5090.36
10193,c,S18_2795,6,3155.68
10193,c,S18_2949,6,2439.64
10193,c,S18_2957,6,1274.16
10193,c,S18_3136,6,2239.97
10193,c,S18_3320,6,2539.84
10193,c,S18_4409,6,2208.72
10193,b,S18_4933,6,1657.00
10193,c,S24_1937,6,836.94
10193,c,S24_2022,6,896.00
10193,c,S24_3969,6,839.52
10193,c,S24_4258,6,1850.40
10198,a,S18_1662,6,6292.02
10198,a,S24_2841,6,2926.56
10198,c,S24_3420,6,1668.87
10198,a,S24_3949,6,2816.93
10198,a,S700_2466,6,3978.66
10198,a,S700_4002,6,2961.20
10227,c,S18_1342,6,2131.75
10227,c,S18_1367,6,1554.34
10227,c,S18_1749,6,3536.00
10227,c,S18_2248,6,1678.04
10227,c,S18_2325,6,5438.58
10227,c,S18_2795,6,4257.49
10227,c,S18_3320,6,3273.93
10227,c,S18_4409,6,2972.62
10227,b,S18_4933,6,2610.72
10227,c,S24_1937,6,1143.24
10227,c,S24_2022,6,946.08
10227,b,S24_2766,6,3971.97
10227,b,S24_2887,6,3371.61
10227,b,S24_3191,6,3150.40
10227,c,S24_3969,6,941.76
10231,b,S12_1108,6,8116.50
10231,b,S12_3891,6,7206.43
10241,b,S18_1589,6,2508.66
10241,c,S18_1749,6,6273.00
10241,c,S18_2248,6,1838.10
10241,b,S18_2870,6,5575.68
10241,c,S18_4409,6,3247.02
10241,b,S18_4933,6,1881.60
10241,b,S24_1046,6,1584.44
10241,b,S24_1628,6,993.09
10241,b,S24_2766,6,4185.35
10241,b,S24_2887,6,3288.32
10241,b,S24_3191,6,1802.84
10241,b,S24_3432,6,2891.16
10251,a,S10_1678,6,5533.61
10251,a,S10_2016,6,5076.28
10251,a,S10_4698,6,7411.48
10251,a,S12_2823,6,5958.38
10251,a,S18_2625,6,2558.60
10251,a,S24_1578,6,4564.50
10275,a,S10_1678,6,3660.75
10275,a,S10_2016,6,2538.14
10275,a,S10_4698,6,5577.48
10275,a,S18_2581,6,2454.20
10275,a,S18_2625,6,1927.33
10275,a,S24_1578,6,2224.74
10275,a,S24_1785,6,2434.50
10275,a,S24_2000,6,1851.00
10275,a,S24_3949,6,2378.00
10275,a,S24_4278,6,1819.26
10275,a,S32_1374,6,2067.70
10275,c,S32_4289,6,1637.16
10275,c,S50_1341,6,1525.70
10275,a,S700_1691,6,2747.52
10275,a,S700_2466,6,3228.03
10275,a,S700_2834,6,4897.92
10275,a,S700_3167,6,3096.00
10275,a,S700_4002,6,1858.76
10276,b,S12_1099,6,9242.00
10276,a,S12_2823,6,6476.66
10276,b,S12_3380,6,4912.44
10276,b,S12_3990,6,2577.54
10276,b,S18_3278,6,2964.00
10276,b,S18_3482,6,4189.20
10276,a,S18_3782,6,1805.43
10276,b,S18_4721,6,5785.44
10276,a,S24_2360,6,2835.44
10276,b,S24_3371,6,1163.40
10276,b,S24_4620,6,3220.80
10276,a,S32_2206,6,955.80
10276,a,S32_4485,6,3606.58
10276,a,S50_4713,6,1418.13
10279,b,S18_4933,6,1778.92
10279,b,S24_1046,6,2187.20
10279,b,S24_2766,6,3740.17
10279,b,S24_2887,6,5129.76
10279,b,S24_3191,6,2599.08
10279,b,S24_3432,6,4574.40
10290,c,S18_3320,6,2089.36
10290,c,S24_4258,6,3769.20
10291,b,S10_1949,6,7770.37
10291,b,S10_4962,6,4254.90
10291,d,S12_1666,6,5043.00
10291,d,S18_1097,6,3970.44
10291,d,S18_2432,6,1358.76
10291,c,S18_2949,6,4666.16
10291,c,S18_2957,6,2079.77
10291,c,S18_3136,6,2143.60
10291,d,S18_4600,6,4649.28
10291,c,S18_4668,6,1313.12
10291,d,S24_2300,6,5275.20
10291,d,S32_1268,6,2153.58
10291,d,S32_3522,6,1696.00
10291,b,S700_2824,6,2435.72
10304,b,S10_1949,6,9467.68
10304,d,S12_1666,6,4584.06
10304,d,S18_1097,6,4883.82
10304,c,S18_1342,6,3535.35
10304,c,S18_1367,6,1735.30
10304,c,S18_2325,6,2471.52
10304,c,S18_2795,6,2835.00
10304,c,S18_2949,6,4520.42
10304,c,S18_2957,6,1304.16
10304,c,S18_3136,6,2341.56
10304,c,S18_3320,6,3619.12
10304,c,S18_4668,6,1505.18
10304,c,S24_1937,6,671.83
10304,c,S24_2022,6,1852.84
10304,c,S24_4258,6,2667.39
10304,d,S32_3522,6,1884.96
10304,b,S700_2824,6,3236.80
10307,b,S10_4757,6,2603.04
10307,a,S18_1662,6,5288.79
10307,d,S18_3029,6,2213.40
10307,c,S18_3856,6,4421.28
10307,a,S24_2841,6,1455.75
10307,c,S24_3420,6,1417.68
10307,c,S24_3816,6,1660.34
10307,d,S700_2047,6,2769.98
10307,a,S72_1253,6,1502.80
10316,b,S10_4757,6,4173.84
10316,a,S18_1662,6,3789.18
10316,d,S18_3029,6,1517.46
10316,c,S18_3856,6,4229.53
10316,a,S24_1785,6,2325.25
10316,a,S24_2841,6,2282.76
10316,c,S24_3420,6,2595.81
10316,c,S24_3816,6,1928.75
10316,a,S24_3949,6,2026.80
10316,c,S32_4289,6,1419.84
10316,c,S50_1341,6,1246.44
10316,a,S700_1691,6,2546.60
10316,d,S700_2047,6,3299.40
10316,a,S700_2466,6,1972.48
10316,d,S700_2610,6,3226.56
10316,a,S700_3167,6,3724.80
10316,a,S700_4002,6,2996.84
10316,a,S72_1253,6,1485.80
10317,a,S24_4278,6,2434.25
10322,b,S10_1949,6,7200.40
10322,b,S10_4962,6,6524.18
10322,d,S12_1666,6,3690.09
10322,d,S18_1097,6,2233.00
10322,c,S18_1342,6,3976.21
10322,c,S18_1367,6,1812.61
10322,c,S18_2325,6,6038.50
10322,d,S18_2432,6,1999.20
10322,c,S18_2795,6,5710.68
10322,c,S18_2949,6,3309.90
10322,c,S18_2957,6,2227.94
10322,c,S18_3136,6,4322.88
10322,c,S24_1937,6,531.00
10322,c,S24_2022,6,1223.10
10328,c,S18_3856,6,3563.54
10328,a,S24_1785,6,4114.38
10328,a,S24_2841,6,3255.36
10328,c,S24_3420,6,1131.00
10328,a,S24_3949,6,1958.60
10328,a,S24_4278,6,2990.65
10328,c,S32_4289,6,1370.40
10328,c,S50_1341,6,1439.22
10328,a,S700_1691,6,2268.81
10328,d,S700_2047,6,3080.33
10328,a,S700_2466,6,3542.01
10328,a,S700_2834,6,3876.18
10328,a,S700_3167,6,2349.60
10328,a,S700_4002,6,2714.01
10331,b,S18_1129,6,5534.26
10331,b,S18_1589,6,4380.20
10331,c,S18_1749,6,6806.80
10331,b,S18_1984,6,4054.20
10331,b,S18_2870,6,3397.68
10331,b,S18_3232,6,4572.18
10331,b,S18_3685,6,3452.80
10331,b,S24_2972,6,999.00
10331,b,S24_3371,6,1377.75
10331,b,S24_3856,6,2919.63
10331,b,S24_4620,6,2883.53
10331,a,S32_2206,6,934.92
10331,a,S32_4485,6,3200.32
10331,a,S50_4713,6,1480.80
10352,d,S700_2047,6,1727.99
10352,a,S700_2466,6,4299.75
10352,a,S700_4002,6,1368.18
10352,a,S72_1253,6,2262.82
10355,b,S18_3482,6,2704.57
10355,a,S18_3782,6,1869.30
10355,b,S18_4721,6,3124.75
10355,a,S24_2360,6,2300.10
10355,b,S24_2972,6,1345.68
10355,b,S24_3371,6,2667.28
10355,b,S24_3856,6,4403.84
10355,b,S24_4620,6,2105.04
10355,a,S32_2206,6,1253.62
10355,a,S32_4485,6,3755.60
10358,b,S12_3148,6,6366.57
10358,d,S12_4473,6,4131.12
10358,b,S18_2238,6,2849.00
10358,d,S18_2319,6,1988.20
10358,b,S18_3232,6,4389.44
10358,b,S18_4027,6,2944.25
10358,c,S18_4668,6,1388.70
10358,b,S24_1444,6,2467.08
10358,d,S24_2300,6,5239.39
10358,b,S24_2840,6,1209.24
10358,c,S24_4258,6,3633.42
10358,d,S32_1268,6,3396.03
10358,d,S32_3522,6,1861.56
10358,b,S700_2824,6,2321.46
10373,b,S10_4757,6,4614.48
10373,a,S18_1662,6,4018.00
10373,d,S18_3029,6,1665.40
10373,c,S18_3856,6,4976.00
10373,a,S24_2841,6,2238.96
10373,c,S24_3151,6,2716.23
10373,c,S24_3420,6,2480.32
10373,c,S24_3816,6,1928.78
10373,a,S24_3949,6,2421.90
10373,d,S700_1138,6,2552.00
10373,d,S700_2047,6,2462.08
10373,d,S700_2610,6,2844.99
10373,d,S700_3505,6,3201.44
10373,d,S700_3962,6,3086.54
10373,a,S700_4002,6,3064.95
10373,a,S72_1253,6,1105.00
10373,d,S72_3212,6,1393.45
10388,a,S10_1678,6,3376.38
10388,a,S10_2016,6,5947.00
10388,a,S10_4698,6,3294.06
10388,a,S12_2823,6,5500.44
10388,c,S32_4289,6,2046.45
10388,c,S50_1341,6,1107.54
10388,a,S700_1691,6,3445.40
10388,a,S700_2834,6,5576.50
10391,b,S10_1949,6,4680.24
10391,b,S10_4962,6,4482.55
10391,d,S12_1666,6,4317.30
10391,d,S18_1097,6,3315.86
10391,c,S18_1342,6,3595.90
10391,c,S18_1367,6,1992.48
10391,d,S18_2432,6,2540.12
10391,c,S18_2949,6,3176.96
10391,c,S24_1937,6,876.15
10391,c,S24_2022,6,870.96
10395,b,S10_4757,6,4003.84
10395,b,S12_1108,6,6788.76
10395,d,S50_1392,6,4525.94
10395,d,S50_1514,6,2609.55
10405,b,S12_4675,6,11170.52
10405,b,S18_1889,6,4415.18
10405,b,S18_3232,6,8103.15
10405,b,S24_2972,6,1756.86
10405,b,S24_3856,6,9712.04
10406,b,S18_1129,6,7598.16
10406,b,S18_1984,6,6418.56
10406,b,S18_3685,6,7621.90
10417,a,S10_1678,6,5242.38
10417,a,S10_2016,6,5245.20
10417,a,S10_4698,6,9109.52
10417,a,S12_2823,6,3036.60
10417,a,S18_2625,6,2115.00
10417,a,S24_1578,6,3826.20
10108,b,S12_1099,5,5457.54
10108,b,S12_3380,5,4333.50
10108,b,S12_3990,5,2956.59
10108,b,S12_4675,5,3855.60
10108,b,S18_1889,5,2574.88
10108,b,S18_3278,5,1902.42
10108,b,S18_3482,5,3836.41
10108,a,S18_3782,5,2272.12
10108,b,S18_4721,5,6154.28
10108,a,S24_2360,5,2254.35
10108,b,S24_3371,5,1800.30
10108,b,S24_3856,5,5280.00
10108,b,S24_4620,5,2080.10
10108,a,S32_2206,5,977.67
10108,a,S32_4485,5,2720.56
10108,a,S50_4713,5,2544.90
10111,c,S18_1342,5,2881.89
10111,c,S18_1367,5,2328.96
10111,c,S18_2957,5,1486.52
10111,c,S18_3136,5,4052.75
10111,c,S18_3320,5,3559.53
10111,c,S24_4258,5,2228.20
10112,b,S10_1949,5,5717.64
10112,c,S18_2949,5,1957.30
10118,d,S700_3505,5,3101.40
10122,b,S12_1099,5,6537.72
10122,b,S12_3380,5,4215.04
10122,b,S12_3990,5,2094.08
10122,b,S12_4675,5,2096.00
10122,b,S18_1129,5,3898.10
10122,b,S18_1889,5,2681.91
10122,b,S18_1984,5,3527.80
10122,b,S18_3232,5,3429.25
10122,b,S18_3278,5,1452.15
10122,b,S18_3482,5,2808.96
10122,a,S18_3782,5,2067.10
10122,b,S18_4721,5,4082.96
10122,b,S24_2972,5,1354.86
10122,b,S24_3371,5,1727.88
10122,b,S24_3856,5,5857.46
10122,b,S24_4620,5,1945.90
10122,a,S32_2206,5,1047.49
10126,b,S10_1949,5,7817.74
10126,b,S10_4962,5,2697.64
10126,d,S12_1666,5,2841.30
10126,d,S18_1097,5,4433.46
10126,c,S18_1367,5,2150.82
10126,d,S18_2432,5,2195.15
10126,c,S18_2949,5,2889.51
10126,c,S18_2957,5,2844.64
10126,c,S18_3136,5,2796.00
10126,c,S18_3320,5,3581.50
10126,d,S18_4600,5,5146.00
10126,c,S18_4668,5,2033.47
10126,d,S24_2300,5,3312.36
10126,c,S24_4258,5,2847.84
10126,d,S32_1268,5,3561.69
10126,d,S32_3522,5,1613.30
10126,b,S700_2824,5,4369.50
10128,c,S18_3140,5,4928.20
10128,d,S18_3259,5,3307.47
10128,c,S18_4522,5,3321.32
10128,d,S700_1938,5,2328.00
10130,d,S18_3029,5,2752.80
10130,c,S18_3856,5,3284.16
10131,a,S18_1662,5,2980.32
10131,a,S24_2841,5,2133.95
10131,c,S24_3420,5,1525.40
10131,a,S24_3949,5,2729.50
10131,d,S700_2047,5,1692.68
10131,a,S700_2466,5,3470.40
10131,a,S700_4002,5,1655.42
10131,a,S72_1253,5,844.62
10139,c,S18_1342,5,2770.78
10139,c,S18_1367,5,2588.67
10139,c,S18_2795,5,6227.08
10139,c,S18_2949,5,4194.28
10139,c,S18_2957,5,1049.40
10139,c,S18_3136,5,2031.60
10139,c,S18_3320,5,2440.50
10139,c,S24_4258,5,2711.21
10142,b,S12_1108,5,5485.92
10142,b,S12_3148,5,4636.50
10142,b,S12_3891,5,7720.18
10142,c,S18_3140,5,6098.72
10142,d,S18_3259,5,2107.60
10142,b,S18_4027,5,2929.92
10142,c,S18_4522,5,1916.88
10142,d,S24_2011,5,3771.57
10142,c,S24_3151,5,3643.15
10142,d,S32_3207,5,2557.80
10142,d,S50_1514,5,2362.08
10142,d,S700_1138,5,2268.94
10142,d,S700_1938,5,3314.44
10142,d,S700_3505,5,1935.36
10142,d,S700_3962,5,3472.06
10142,d,S72_3212,5,1831.44
10149,c,S18_1342,5,4366.50
10149,c,S18_1367,5,1455.60
10149,c,S18_1749,5,5317.60
10149,c,S18_2248,5,1220.40
10149,c,S18_2325,5,4153.38
10149,c,S18_2795,5,3842.38
10149,c,S18_3320,5,3750.18
10149,c,S24_1937,5,1123.20
10149,c,S24_2022,5,1953.63
10149,c,S24_3969,5,1002.82
10149,c,S24_4258,5,1811.40
10153,b,S12_1108,5,4031.40
10153,b,S12_3148,5,5393.64
10153,b,S12_3891,5,7630.28
10153,c,S18_3140,5,3895.46
10153,d,S18_3259,5,2398.01
10153,c,S18_4522,5,1815.00
10153,d,S24_2011,5,4473.20
10153,d,S50_1514,5,1652.61
10153,d,S700_1138,5,2494.00
10153,d,S700_1938,5,2497.05
10153,d,S700_3505,5,4357.50
10153,d,S700_3962,5,1708.20
10153,d,S72_3212,5,2593.50
10157,a,S18_2581,5,2285.91
10157,a,S24_1785,5,3588.80
10157,a,S24_4278,5,2199.45
10157,a,S32_1374,5,2852.94
10157,c,S32_4289,5,1579.48
10157,a,S700_2834,5,5239.68
10158,a,S24_2000,5,1491.38
10169,b,S12_1099,5,4903.20
10169,a,S12_2823,5,4428.20
10169,b,S12_3990,5,2585.52
10169,b,S18_3278,5,2084.16
10169,b,S18_3482,5,4921.20
10169,a,S18_3782,5,2007.92
10169,b,S18_4721,5,3977.49
10169,a,S24_2360,5,2526.62
10169,b,S24_3371,5,1811.18
10169,b,S24_4620,5,1862.64
10169,a,S32_2206,5,962.26
10169,a,S32_4485,5,2845.12
10169,a,S50_4713,5,3631.68
10177,c,S18_3140,5,2607.51
10177,d,S18_3259,5,2690.33
10177,c,S18_4522,5,2887.50
10177,d,S24_2011,5,5776.00
10177,c,S24_3151,5,3584.70
10177,d,S700_1138,5,1408.08
10177,d,S700_1938,5,2416.45
10177,d,S700_2610,5,2058.56
10177,d,S700_3505,5,3878.60
10177,d,S700_3962,5,2002.08
10177,d,S72_3212,5,2118.40
10192,b,S12_4675,5,2674.08
10192,b,S18_1129,5,3082.64
10192,b,S18_1589,5,2923.20
10192,b,S18_1889,5,3187.80
10192,b,S18_1984,5,6017.41
10192,b,S18_2870,5,4213.44
10192,b,S18_3232,5,3566.42
10192,b,S18_3685,5,5658.30
10192,b,S24_1046,5,2664.74
10192,b,S24_1628,5,2317.10
10192,b,S24_2766,5,3971.18
10192,b,S24_2887,5,2593.02
10192,b,S24_2972,5,996.90
10192,b,S24_3191,5,2218.88
10192,b,S24_3432,5,4285.36
10192,b,S24_3856,5,5055.30
10196,b,S12_1108,5,9571.08
10196,b,S12_3148,5,3625.92
10196,b,S12_3891,5,5588.66
10196,c,S18_3140,5,6224.47
10196,d,S18_3259,5,2858.80
10196,b,S18_4027,5,3412.53
10196,d,S50_1514,5,2613.72
10196,d,S700_1938,5,4244.00
10197,b,S10_4757,5,5324.40
10197,d,S18_3029,5,3838.24
10197,c,S18_3856,5,1886.50
10197,c,S18_4522,5,3949.50
10197,d,S24_2011,5,4484.17
10197,c,S24_3151,5,3910.40
10197,c,S24_3816,5,1494.46
10197,d,S700_1138,5,1380.00
10197,d,S700_2047,5,1890.00
10197,d,S700_2610,5,3325.00
10197,d,S700_3505,5,2704.59
10197,d,S700_3962,5,3093.65
10197,a,S72_1253,5,1152.17
10197,d,S72_3212,5,2040.78
10199,c,S50_1341,5,1101.13
10199,a,S700_1691,5,3901.92
10199,a,S700_3167,5,2675.20
10200,a,S18_2581,5,2081.52
10200,a,S24_1785,5,3285.81
10200,a,S24_4278,5,2740.92
10200,a,S32_1374,5,2831.85
10200,c,S32_4289,5,1764.45
10200,a,S700_2834,5,4488.51
10203,b,S12_1099,5,3229.80
10203,b,S12_3380,5,2231.40
10203,b,S12_3990,5,2808.96
10203,b,S12_4675,5,5412.52
10203,b,S18_1889,5,3291.75
10203,b,S18_3232,5,7559.52
10203,b,S18_3278,5,2202.42
10203,b,S18_3482,5,4092.16
10203,b,S24_2972,5,697.83
10203,b,S24_3371,5,1935.96
10203,b,S24_3856,5,6600.21
10213,c,S18_4409,5,3217.46
10213,b,S18_4933,5,1461.00
10213,b,S24_2887,5,2631.96
10224,a,S12_2823,5,6087.94
10224,a,S18_3782,5,2173.60
10224,a,S24_2360,5,2229.62
10224,a,S32_2206,5,1591.43
10224,a,S32_4485,5,2847.30
10224,a,S50_4713,5,4068.00
10226,b,S18_1589,5,4113.88
10226,b,S18_1984,5,3106.80
10226,b,S18_2870,5,3009.60
10226,b,S18_3685,5,5653.86
10226,b,S24_1046,5,1373.61
10226,b,S24_1628,5,1720.44
10226,b,S24_3432,5,4574.40
10230,b,S12_3148,5,5522.06
10230,b,S18_2238,5,7541.59
10230,b,S18_4027,5,5971.56
10230,b,S24_1444,5,1706.40
10230,b,S24_4048,5,4471.20
10230,d,S32_3207,5,2715.38
10230,d,S50_1392,5,3423.80
10230,d,S50_1514,5,2468.63
10232,c,S18_3140,5,2944.92
10232,d,S18_3259,5,4694.88
10232,c,S18_4522,5,1796.76
10232,d,S24_2011,5,5200.76
10232,d,S700_1938,5,2206.88
10232,d,S700_3505,5,4135.20
10232,d,S700_3962,5,2850.05
10232,d,S72_3212,5,1166.16
10236,a,S10_2016,5,2328.92
10236,a,S18_2625,5,1212.10
10236,a,S24_2000,5,2358.36
10237,a,S10_1678,5,2113.01
10237,a,S10_4698,5,6193.20
10237,a,S12_2823,5,4144.96
10237,a,S18_3782,5,1293.24
10237,a,S24_1578,5,2186.40
10237,a,S24_2360,5,1620.58
10237,a,S32_2206,5,910.00
10237,a,S32_4485,5,2562.57
10237,a,S50_4713,5,1578.40
10239,b,S12_4675,5,2103.99
10239,b,S18_1889,5,3223.22
10239,b,S18_3232,5,6367.09
10239,b,S24_2972,5,649.40
10239,b,S24_3856,5,3868.89
10242,c,S24_3969,5,1679.92
10244,c,S18_1342,5,3986.40
10244,c,S18_1367,5,970.40
10244,c,S18_2795,5,6095.25
10244,c,S18_2949,5,2613.90
10244,c,S18_2957,5,1319.04
10244,c,S18_3136,5,2490.23
10244,c,S18_3320,5,3142.80
10244,c,S24_2022,5,1642.29
10244,c,S24_4258,5,3895.60
10245,b,S10_1949,5,6630.34
10245,b,S10_4962,5,4136.72
10245,d,S12_1666,5,4570.26
10245,d,S18_1097,5,3315.86
10245,d,S18_4600,5,2339.19
10245,c,S18_4668,5,2196.00
10245,d,S32_1268,5,3028.82
10245,d,S32_3522,5,2417.36
10245,b,S700_2824,5,3604.92
10255,c,S18_2795,5,3240.00
10255,c,S24_2022,5,1392.31
10261,b,S10_4757,5,3157.92
10261,c,S18_4522,5,1615.00
10261,d,S24_2011,5,3804.84
10261,c,S24_3151,5,1752.52
10261,d,S700_1138,5,2176.00
10261,d,S700_2610,5,2576.20
10261,d,S700_3505,5,2228.75
10261,d,S700_3962,5,4419.50
10261,d,S72_3212,5,1266.72
10265,b,S18_3278,5,3365.10
10265,b,S18_3482,5,6050.03
10270,b,S10_1949,5,3600.24
10270,b,S10_4962,5,3971.20
10270,d,S12_1666,5,3788.40
10270,d,S18_1097,5,4063.50
10270,c,S18_2949,5,2512.55
10270,c,S18_3136,5,3263.06
10270,d,S18_4600,5,4094.88
10270,c,S18_4668,5,1771.00
10270,d,S32_1268,5,2989.44
10270,d,S32_3522,5,1099.56
10270,b,S700_2824,5,4652.90
10284,a,S18_1662,5,6173.55
10284,a,S18_2581,5,2121.33
10284,a,S24_1785,5,2238.72
10284,a,S24_2841,5,1952.40
10284,c,S24_3420,5,2333.37
10284,a,S24_3949,5,1375.71
10284,a,S24_4278,5,1399.65
10284,c,S32_4289,5,3027.00
10284,c,S50_1341,5,1180.74
10284,a,S700_1691,5,2104.56
10284,a,S700_2466,5,4307.85
10284,a,S700_3167,5,1700.00
10284,a,S700_4002,5,2345.28
10293,b,S12_1108,5,8602.92
10293,b,S12_3148,5,3118.32
10293,b,S12_3891,5,7708.05
10293,c,S18_3140,5,2655.36
10293,d,S18_3259,5,2018.72
10293,c,S18_4522,5,3569.65
10293,d,S24_2011,5,2348.43
10293,d,S700_1938,5,2260.55
10293,d,S72_3212,5,1642.24
10297,a,S18_2581,5,2048.75
10297,a,S24_1785,5,3431.36
10297,a,S24_2000,5,2242.56
10297,a,S24_4278,5,1649.79
10297,a,S32_1374,5,2311.40
10297,c,S32_4289,5,1772.12
10297,a,S700_2834,5,3903.55
10300,b,S12_1099,5,6099.72
10300,b,S12_3380,5,3371.83
10300,b,S12_3990,5,1685.42
10300,b,S12_4675,5,2198.34
10300,b,S18_1889,5,2588.74
10300,b,S18_3278,5,3231.06
10300,b,S18_3482,5,3313.15
10300,b,S24_3371,5,1613.55
10308,a,S10_2016,5,3922.58
10308,a,S10_4698,5,3757.00
10308,a,S18_2581,5,2212.65
10308,a,S18_2625,5,1647.64
10308,a,S24_1785,5,3086.67
10308,a,S24_2000,5,3221.85
10308,a,S24_3949,5,2494.00
10308,a,S24_4278,5,3156.12
10308,a,S32_1374,5,2397.36
10308,c,S32_4289,5,2816.12
10308,c,S50_1341,5,1743.23
10308,a,S700_1691,5,1534.47
10308,a,S700_2466,5,3106.25
10308,a,S700_2834,5,3126.35
10308,a,S700_3167,5,1663.20
10308,a,S700_4002,5,2454.27
10318,a,S10_1678,5,3874.12
10318,a,S10_2016,5,4603.05
10318,a,S10_4698,5,7022.23
10318,a,S18_2581,5,2540.45
10318,a,S18_2625,5,2086.14
10318,a,S24_1578,5,4489.92
10318,a,S24_2000,5,1584.44
10318,a,S32_1374,5,3849.77
10318,a,S700_2834,5,5102.00
10330,b,S18_3482,5,5057.90
10330,a,S18_3782,5,1712.74
10330,b,S18_4721,5,6696.00
10330,a,S24_2360,5,2356.20
10337,b,S10_4757,5,3298.00
10337,b,S18_4027,5,5067.00
10337,c,S18_4522,5,2214.44
10337,d,S24_2011,5,3456.80
10337,d,S50_1514,5,1144.08
10337,d,S700_1938,5,2650.32
10337,d,S700_3505,5,2608.34
10337,d,S700_3962,5,3003.12
10337,d,S72_3212,5,2063.88
10338,a,S18_1662,5,5624.79
10338,d,S18_3029,5,2264.08
10338,c,S18_3856,5,4192.65
10341,a,S10_1678,5,3453.02
10341,b,S12_1099,5,8667.90
10341,a,S12_2823,5,6627.50
10341,b,S12_3380,5,4909.08
10341,b,S12_3990,5,2786.76
10341,b,S12_4675,5,6017.00
10341,a,S24_2360,5,2016.96
10341,a,S32_4485,5,2973.83
10341,a,S50_4713,5,2968.18
10341,a,S700_3167,5,2393.60
10342,b,S18_1129,5,4755.60
10342,b,S18_1889,5,3472.70
10342,b,S18_1984,5,2534.84
10342,b,S18_3232,5,5029.50
10342,b,S18_3278,5,1909.75
10342,b,S18_3482,5,7518.50
10342,a,S18_3782,5,1503.32
10342,b,S18_4721,5,4749.62
10342,b,S24_2972,5,1193.01
10342,b,S24_3371,5,2880.48
10342,b,S24_3856,5,4718.28
10362,a,S10_4698,5,4004.88
10362,a,S12_2823,5,2882.88
10362,a,S18_2625,5,1239.93
10362,a,S24_1578,5,4564.50
10368,b,S24_2766,5,2944.00
10368,b,S24_2887,5,3567.79
10368,b,S24_3191,5,3819.84
10368,b,S24_3432,5,1863.20
10368,c,S24_3969,5,1679.92
10370,b,S10_4962,5,4498.55
10370,d,S12_1666,5,6295.03
10370,d,S18_1097,5,2709.18
10370,d,S18_2319,5,2241.14
10370,d,S18_2432,5,1323.52
10370,b,S18_3232,5,4526.55
10370,d,S18_4600,5,3054.86
10370,c,S18_4668,5,835.20
10370,d,S32_3522,5,1599.75
10376,b,S12_3380,5,3452.75
10386,a,S18_1662,5,3272.00
10386,a,S18_2581,5,1525.65
10386,d,S18_3029,5,2705.44
10386,c,S18_3856,5,2212.76
10386,a,S24_1785,5,3358.08
10386,a,S24_2841,5,2217.54
10386,c,S24_3420,5,1909.95
10386,a,S24_3949,5,2294.36
10386,a,S24_4278,5,3586.50
10386,d,S700_2047,5,2467.61
10386,a,S700_2466,5,3357.75
10386,d,S700_2610,5,2487.14
10386,a,S700_3167,5,2176.00
10386,d,S700_3505,5,3741.30
10386,d,S700_3962,5,2413.20
10386,a,S700_4002,5,2605.68
10386,a,S72_1253,5,2383.50
10386,d,S72_3212,5,2254.06
10389,b,S12_1099,5,4755.40
10389,b,S12_3380,5,2378.25
10389,b,S12_3990,5,2757.96
10389,b,S12_4675,5,4817.03
10389,b,S18_1889,5,3131.59
10389,a,S18_2625,5,2031.51
10389,a,S24_1578,5,5071.50
10389,a,S24_2000,5,3023.30
10396,b,S12_3891,5,5138.76
10396,c,S18_3140,5,4282.08
10396,d,S18_3259,5,2202.24
10396,c,S18_4522,5,3752.10
10396,d,S24_2011,5,4937.73
10396,c,S24_3151,5,2079.00
10396,c,S24_3816,5,2885.63
10396,d,S700_1138,5,2418.00
10402,a,S10_2016,5,5352.30
10402,a,S18_2625,5,3198.25
10402,a,S24_2000,5,3640.30
10408,c,S24_3969,5,615.45
10411,b,S10_1949,5,4731.79
10411,b,S10_4962,5,3909.33
10411,d,S12_1666,5,4428.00
10411,d,S18_1097,5,2961.09
10411,d,S18_4600,5,4901.30
10411,c,S18_4668,5,1443.75
10411,d,S32_1268,5,2028.26
10411,d,S32_3522,5,1640.52
10411,b,S700_2824,5,3026.34
10100,c,S18_1749,4,4080.00
10100,c,S18_2248,4,2754.50
10100,c,S18_4409,4,1660.12
10100,c,S24_3969,4,1729.21
10102,c,S18_1342,4,3726.45
10102,c,S18_1367,4,1768.33
10103,b,S10_1949,4,5571.80
10103,b,S10_4962,4,5026.14
10103,d,S12_1666,4,3284.28
10103,d,S18_1097,4,3307.50
10103,d,S18_2432,4,1283.48
10103,c,S18_2949,4,2489.13
10103,c,S18_2957,4,2164.40
10103,c,S18_3136,4,2173.00
10103,c,S18_3320,4,3970.26
10103,d,S18_4600,4,3530.52
10103,c,S18_4668,4,1670.75
10103,d,S24_2300,4,3864.24
10103,c,S24_4258,4,2215.50
10103,d,S32_1268,4,2866.26
10103,d,S32_3522,4,2850.75
10103,b,S700_2824,4,3950.94
10106,a,S18_1662,4,4825.44
10106,a,S18_2581,4,2757.40
10106,d,S18_3029,4,3315.26
10106,c,S18_3856,4,3863.02
10106,a,S24_1785,4,3002.44
10106,a,S24_2841,4,3222.73
10106,c,S24_3420,4,1732.59
10106,a,S24_3949,4,2798.00
10106,a,S24_4278,4,1846.00
10106,c,S32_4289,4,2156.55
10106,c,S50_1341,4,1395.42
10106,a,S700_1691,4,2831.54
10106,d,S700_2047,4,2552.70
10106,a,S700_2466,4,3390.48
10106,a,S700_2834,4,3644.80
10106,a,S700_3167,4,3344.00
10106,a,S700_4002,4,3375.84
10106,a,S72_1253,4,2097.60
10119,b,S10_4757,4,5192.48
10119,a,S18_1662,4,6509.34
10119,d,S18_3029,4,1571.64
10119,c,S18_3856,4,2572.56
10119,a,S24_2841,4,2640.40
10119,c,S24_3151,4,2540.30
10119,c,S24_3420,4,1262.40
10119,c,S24_3816,4,2876.30
10119,a,S24_3949,4,1738.80
10119,d,S700_1138,4,1433.50
10119,d,S700_2047,4,2152.67
10119,d,S700_2610,4,2554.36
10119,a,S700_4002,4,1655.42
10119,a,S72_1253,4,1126.16
10124,c,S18_1749,4,3213.00
10124,c,S18_2248,4,2441.04
10124,c,S18_2325,4,4698.54
10124,c,S18_4409,4,2716.56
10124,b,S18_4933,4,1524.44
10124,b,S24_1046,4,1374.34
10124,c,S24_1937,4,1373.85
10124,c,S24_2022,4,798.38
10124,b,S24_2766,4,2384.32
10124,b,S24_2887,4,2348.75
10124,b,S24_3191,4,3733.31
10124,b,S24_3432,4,4374.39
10124,c,S24_3969,4,1661.06
10134,a,S10_1678,4,3727.72
10134,a,S10_2016,4,3147.12
10134,a,S10_4698,4,5823.35
10134,a,S12_2823,4,2620.80
10134,a,S18_2625,4,1544.40
10134,a,S24_1578,4,3313.45
10134,a,S24_2000,4,3242.63
10137,b,S18_1589,4,5092.12
10137,b,S18_2870,4,4102.56
10137,b,S18_3685,4,3679.08
10137,b,S24_1628,4,1046.50
10147,b,S12_1099,4,7751.52
10147,b,S12_3380,4,3422.09
10147,b,S12_3990,4,1558.41
10147,b,S12_4675,4,3230.37
10147,b,S18_1889,4,1841.84
10147,b,S18_3278,4,2692.08
10147,b,S18_3482,4,4785.95
10147,b,S24_2972,4,830.75
10147,b,S24_3371,4,1469.40
10147,b,S24_3856,4,2842.34
10147,b,S24_4620,4,2255.56
10148,b,S18_1129,4,2636.95
10148,b,S18_1589,4,5088.22
10148,b,S18_1984,4,3414.00
10148,b,S18_2870,4,3065.04
10148,b,S18_3232,4,4606.08
10148,b,S18_3685,4,3797.64
10148,c,S18_4409,4,2847.50
10148,b,S18_4933,4,1922.12
10148,b,S24_1046,4,1635.25
10148,b,S24_1628,4,2175.63
10148,b,S24_2766,4,1622.04
10148,b,S24_2887,4,3913.06
10148,b,S24_3191,4,2229.21
10148,b,S24_3432,4,2601.99
10163,b,S10_1949,4,4455.36
10163,c,S18_2949,4,3140.61
10163,c,S18_2957,4,2878.08
10163,c,S18_3136,4,4063.20
10163,c,S18_3320,4,3455.48
10163,c,S24_4258,4,4049.64
10168,a,S10_1678,4,3410.64
10168,a,S10_2016,4,2633.31
10168,a,S10_4698,4,3214.80
10168,a,S18_2581,4,1578.99
10168,a,S18_2625,4,2256.76
10168,a,S24_1578,4,5184.00
10168,a,S24_1785,4,4557.49
10168,a,S24_2000,4,2098.44
10168,a,S24_3949,4,1547.64
10168,a,S24_4278,4,3268.80
10168,a,S32_1374,4,2517.20
10168,c,S32_4289,4,1791.18
10168,c,S50_1341,4,1906.08
10168,a,S700_1691,4,2557.52
10168,a,S700_2466,4,2720.25
10168,a,S700_2834,4,3417.12
10168,a,S700_3167,4,3456.00
10168,a,S700_4002,4,2627.43
10173,c,S18_1342,4,4373.53
10173,c,S18_1367,4,2484.00
10173,c,S18_1749,4,4039.20
10173,c,S18_2248,4,1432.34
10173,c,S18_2325,4,3941.03
10173,c,S18_2795,4,3081.32
10173,c,S18_2957,4,1591.52
10173,c,S18_3136,4,2694.52
10173,c,S18_3320,4,2618.12
10173,c,S18_4409,4,1623.51
10173,b,S18_4933,4,2279.16
10173,c,S24_1937,4,925.97
10173,c,S24_2022,4,1064.34
10173,b,S24_2887,4,2268.95
10173,c,S24_3969,4,1249.50
10173,c,S24_4258,4,2056.78
10174,b,S10_1949,4,7067.58
10174,d,S12_1666,4,4877.92
10174,d,S18_1097,4,5208.00
10174,c,S18_2949,4,4613.80
10174,c,S18_4668,4,2169.23
10186,b,S10_4757,4,2828.80
10186,a,S18_1662,4,4390.08
10186,d,S18_3029,4,2339.84
10186,c,S18_3856,4,4529.16
10186,a,S24_2841,4,1326.38
10186,c,S24_3420,4,1256.43
10186,c,S24_3816,4,2475.72
10186,d,S700_2047,4,1933.44
10186,a,S72_1253,4,1195.88
10191,b,S12_1099,4,3268.86
10191,b,S12_3380,4,4180.80
10191,b,S12_3990,4,2106.60
10191,b,S18_3278,4,2721.24
10191,b,S18_3482,4,2738.38
10191,a,S18_3782,4,2619.99
10191,b,S18_4721,4,4380.80
10191,b,S24_3371,4,2556.96
10191,b,S24_4620,4,3414.84
10202,a,S18_3782,4,1659.90
10202,b,S18_4721,4,5374.57
10202,a,S24_2360,4,2805.00
10202,b,S24_4620,4,3759.00
10202,a,S32_2206,4,901.53
10202,a,S32_4485,4,2530.84
10202,a,S50_4713,4,3189.20
10205,c,S18_1342,4,3550.68
10205,c,S18_1367,4,2199.36
10205,c,S18_2795,4,5535.20
10205,c,S24_1937,4,892.16
10205,c,S24_2022,4,881.76
10220,b,S12_1108,4,6051.20
10220,b,S12_3148,4,4532.40
10220,b,S12_3891,4,4484.70
10220,b,S18_4027,4,6319.50
10220,b,S24_1444,4,1262.30
10220,b,S24_4048,4,3763.64
10220,d,S32_3207,4,994.20
10220,d,S50_1392,4,3426.20
10220,d,S50_1514,4,1704.60
10223,a,S10_1678,4,2974.43
10223,a,S10_2016,4,5198.67
10223,a,S10_4698,4,9299.71
10223,a,S18_2581,4,3176.26
10223,a,S18_2625,4,1645.00
10223,a,S24_1578,4,3353.92
10223,a,S24_1785,4,2976.36
10223,a,S24_2000,4,2315.72
10223,a,S24_4278,4,1566.30
10223,a,S32_1374,4,1908.90
10223,c,S32_4289,4,1334.60
10223,c,S50_1341,4,1681.82
10223,a,S700_1691,4,2100.75
10223,a,S700_2834,4,3303.10
10223,a,S700_3167,4,2059.20
10233,c,S24_3151,4,2832.40
10233,d,S700_1138,4,2376.00
10233,d,S700_2610,4,1970.26
10235,a,S18_2581,4,1966.80
10235,a,S24_1785,4,2063.56
10235,a,S24_3949,4,1823.91
10235,a,S24_4278,4,2521.20
10235,a,S32_1374,4,3726.90
10235,c,S32_4289,4,2268.82
10235,c,S50_1341,4,1520.69
10235,a,S700_1691,4,2215.00
10235,a,S700_2466,4,3524.12
10235,a,S700_2834,4,2907.00
10235,a,S700_3167,4,2355.20
10235,a,S700_4002,4,2391.22
10250,a,S18_1662,4,6670.35
10250,a,S18_2581,4,2280.96
10250,a,S24_1785,4,2951.20
10250,a,S24_2000,4,2023.04
10250,a,S24_3949,4,2456.80
10250,a,S24_4278,4,2680.65
10250,a,S32_1374,4,3096.59
10250,c,S32_4289,4,3130.00
10250,c,S50_1341,4,1319.76
10250,a,S700_1691,4,2831.54
10250,a,S700_2466,4,3176.25
10250,a,S700_2834,4,4333.12
10250,a,S700_3167,4,3344.00
10250,a,S700_4002,4,2503.82
10263,a,S10_1678,4,3026.00
10263,a,S10_2016,4,4282.00
10263,a,S10_4698,4,7940.06
10263,a,S12_2823,4,5928.48
10263,a,S18_2581,4,2230.14
10263,a,S18_2625,4,1709.18
10263,a,S24_1578,4,4591.44
10263,a,S24_2000,4,2480.11
10263,a,S24_4278,4,1425.84
10263,a,S32_1374,4,2910.90
10263,a,S700_2834,4,5520.62
10266,b,S12_1099,4,8304.12
10266,b,S12_3380,4,2428.58
10266,b,S12_3990,4,2374.05
10266,b,S12_4675,4,4514.40
10266,b,S18_1129,4,2764.23
10266,b,S18_1589,4,3583.80
10266,b,S18_1889,4,2541.00
10266,b,S18_1984,4,6831.09
10266,b,S18_2870,4,2270.40
10266,b,S18_3232,4,3977.93
10266,b,S18_3685,4,4195.95
10266,b,S24_1628,4,1127.00
10266,b,S24_2972,4,1194.08
10266,b,S24_3371,4,2647.51
10266,b,S24_3856,4,2864.88
10281,b,S10_4962,4,5850.68
10281,d,S12_1666,4,3177.50
10281,d,S12_4473,4,4032.76
10281,d,S18_2319,4,5478.72
10281,d,S18_2432,4,1639.08
10281,b,S18_3232,4,3386.75
10281,d,S18_4600,4,2421.50
10281,c,S18_4668,4,1881.44
10281,d,S24_2300,4,2811.50
10281,b,S24_2840,4,679.00
10281,d,S32_1268,4,2346.10
10281,d,S32_2509,4,1392.21
10281,d,S32_3522,4,2140.92
10281,b,S700_2824,4,2403.27
10285,a,S10_1678,4,3445.20
10285,a,S10_2016,4,5198.67
10285,a,S10_4698,4,4496.85
10285,a,S12_2823,4,6420.96
10285,a,S18_2625,4,1017.60
10285,a,S24_1578,4,3103.86
10285,a,S24_2000,4,2406.30
10285,a,S24_2360,4,2447.58
10285,a,S32_1374,4,3067.67
10285,a,S32_2206,4,1354.57
10285,a,S32_4485,4,2600.26
10285,a,S50_4713,4,2982.72
10285,a,S700_2834,4,4591.80
10286,a,S18_3782,4,1960.80
10288,b,S18_1589,4,2414.20
10288,c,S18_1749,4,5385.60
10288,c,S18_2248,4,1407.00
10288,c,S18_2325,4,3192.38
10288,c,S18_4409,4,3156.65
10288,b,S18_4933,4,1311.46
10288,b,S24_1046,4,2407.68
10288,b,S24_1628,4,2465.00
10288,c,S24_1937,4,933.51
10288,b,S24_2766,4,2862.30
10288,b,S24_2887,4,5242.56
10288,b,S24_3191,4,2590.46
10288,b,S24_3432,4,4170.93
10288,c,S24_3969,4,1245.75
10294,d,S700_3962,4,4424.40
10295,b,S10_4757,4,3264.00
10295,c,S24_3151,4,3867.68
10295,d,S700_1138,4,1612.00
10295,d,S700_2610,4,3148.64
10295,d,S700_3505,4,3167.44
10298,a,S10_2016,4,4128.54
10298,a,S18_2625,4,1938.24
10311,b,S18_1589,4,3608.76
10311,b,S18_2870,4,4938.12
10311,b,S18_3685,4,4295.04
10311,c,S18_4409,4,3773.23
10311,b,S18_4933,4,1674.75
10311,b,S24_1046,4,1834.30
10311,b,S24_1628,4,2196.00
10311,b,S24_2766,4,2493.40
10311,b,S24_2887,4,4999.61
10311,b,S24_3191,4,2140.25
10311,b,S24_3432,4,4186.92
10320,b,S12_1099,4,5730.04
10320,b,S12_3380,4,3575.95
10320,b,S12_3990,4,2425.92
10320,b,S18_3482,4,3491.00
10320,b,S24_3371,4,1576.12
10323,c,S18_3320,4,2913.90
10323,d,S18_4600,4,4552.42
10335,b,S24_2840,4,1085.04
10335,d,S32_1268,4,3390.20
10335,d,S32_2509,4,1991.20
10336,b,S12_1108,4,5828.79
10336,b,S12_3148,4,4188.03
10336,b,S12_3891,4,6952.12
10336,d,S12_4473,4,3647.62
10336,b,S18_2238,4,7541.59
10336,c,S18_3140,4,6490.56
10336,d,S18_3259,4,2117.64
10336,b,S24_1444,4,2236.95
10336,b,S24_4048,4,3520.05
10336,d,S32_3207,4,1829.93
10336,d,S50_1392,4,2529.08
10336,b,S700_2824,4,4327.22
10344,c,S18_1749,4,7573.50
10344,c,S18_2248,4,1961.60
10344,c,S18_2325,4,3546.90
10344,c,S18_4409,4,1700.79
10344,b,S18_4933,4,1778.92
10344,b,S24_1046,4,1769.00
10344,c,S24_1937,4,557.60
10348,b,S12_1108,4,9974.40
10348,b,S12_3148,4,5751.39
10348,c,S18_4668,4,1269.33
10348,d,S24_2300,4,3971.58
10348,c,S24_4258,4,3228.42
10348,d,S32_1268,4,3802.26
10348,d,S32_3522,4,1943.70
10348,b,S700_2824,4,3204.48
10351,a,S18_1662,4,5596.50
10351,c,S18_3856,4,2096.20
10351,a,S24_2841,4,1610.00
10351,c,S24_3420,4,2048.96
10351,a,S24_3949,4,2320.16
10357,b,S10_1949,4,6377.60
10357,b,S10_4962,4,5844.56
10357,d,S12_1666,4,5357.66
10357,d,S18_1097,4,4368.00
10357,d,S18_2432,4,2416.95
10357,c,S18_2949,4,3738.38
10357,c,S18_2957,4,2907.66
10357,c,S18_3136,4,4607.68
10357,c,S18_3320,4,2108.25
10357,d,S18_4600,4,2949.52
10363,b,S12_1099,4,5971.35
10363,b,S12_3380,4,3633.58
10363,b,S12_3990,4,2333.42
10363,b,S12_4675,4,4767.44
10363,b,S18_1889,4,1355.20
10363,b,S18_3278,4,3180.90
10363,b,S18_3482,4,2998.56
10363,a,S18_3782,4,1671.04
10363,b,S18_4721,4,3458.00
10363,a,S24_2000,4,1471.68
10363,a,S24_2360,4,2412.30
10363,b,S24_3371,4,1093.05
10363,b,S24_3856,4,3526.25
10363,b,S24_4620,4,3267.57
10363,a,S32_1374,4,4645.00
10365,b,S18_1129,4,3481.80
10365,a,S32_4485,4,1818.52
10365,a,S50_4713,4,3006.96
10367,b,S18_1589,4,5182.73
10367,c,S18_1749,4,5346.50
10367,c,S18_2248,4,2261.25
10367,c,S18_2325,4,3363.93
10367,c,S18_2795,4,4481.92
10367,b,S18_3685,4,6043.94
10367,c,S18_4409,4,3324.33
10367,b,S18_4933,4,2947.56
10367,b,S24_1046,4,1527.96
10367,b,S24_1628,4,1911.78
10367,c,S24_1937,4,679.42
10367,c,S24_2022,4,1204.28
10367,b,S24_2972,4,1305.00
10369,b,S10_1949,4,7995.41
10369,c,S18_1342,4,3932.72
10369,c,S18_1367,4,1483.52
10369,c,S18_2949,4,4212.60
10369,c,S18_2957,4,1451.52
10369,c,S18_3136,4,1891.26
10369,c,S18_3320,4,3616.20
10369,c,S24_4258,4,3739.60
10384,b,S10_4757,4,4392.80
10384,d,S24_2011,4,3200.12
10384,c,S24_3151,4,3082.67
10384,d,S700_1938,4,3479.98
10387,a,S32_1374,4,3516.04
10394,b,S18_3232,4,2980.34
10394,b,S18_4027,4,4623.15
10394,b,S24_1444,4,1648.58
10394,b,S24_2840,4,1626.56
10394,b,S24_4048,4,3851.33
10394,d,S32_2509,4,1694.88
10394,d,S32_3207,4,1677.90
10397,d,S700_1938,4,2217.28
10397,d,S700_2610,4,1383.36
10397,d,S700_3505,4,4135.20
10397,d,S700_3962,4,2895.84
10397,d,S72_3212,4,1800.64
10413,b,S12_1108,4,7256.52
10413,b,S12_3148,4,6816.88
10413,b,S12_3891,4,3806.44
10413,b,S18_4027,4,6544.93
10413,d,S32_3207,4,1357.20
10413,d,S50_1514,4,2718.81
10416,a,S18_1662,4,3103.44
10416,a,S18_2581,4,1064.40
10416,a,S24_1785,4,4268.54
10416,a,S24_2000,4,1998.72
10416,a,S24_3949,4,1166.94
10416,a,S24_4278,4,3373.44
10416,a,S32_1374,4,3910.50
10416,c,S32_4289,4,1770.60
10416,c,S50_1341,4,1469.27
10416,a,S700_1691,4,2037.80
10416,a,S700_2466,4,1864.72
10416,a,S700_2834,4,4037.68
10416,a,S700_3167,4,2558.40
10416,a,S700_4002,4,2737.81
10418,b,S18_3278,4,1132.16
10418,b,S18_3482,4,3770.28
10418,a,S18_3782,4,1866.81
10418,b,S18_4721,4,3374.84
10418,a,S24_2360,4,3349.32
10418,b,S24_4620,4,662.90
10418,a,S32_2206,4,1574.23
10418,a,S32_4485,4,5000.50
10418,a,S50_4713,4,2896.40
10115,d,S12_4473,3,5123.94
10115,b,S18_2238,3,6477.26
10115,b,S24_1444,3,2662.08
10115,b,S24_4048,3,4683.80
10115,d,S50_1392,3,2718.90
10125,c,S18_1342,3,2860.16
10125,c,S18_2795,3,4704.92
10127,b,S12_1108,3,8889.50
10127,b,S12_3148,3,6463.00
10127,b,S12_3891,3,7121.52
10127,d,S12_4473,3,2417.52
10127,b,S18_2238,3,6336.45
10127,d,S18_2319,3,5136.30
10127,b,S18_3232,3,3278.44
10127,b,S18_4027,3,3159.75
10127,b,S24_1444,3,1017.20
10127,b,S24_2840,3,1337.70
10127,b,S24_4048,3,2152.60
10127,d,S32_2509,3,2093.85
10127,d,S32_3207,3,1766.10
10127,d,S50_1392,3,5111.52
10127,d,S50_1514,3,2559.90
10132,a,S700_3167,3,2880.00
10141,d,S12_4473,3,2413.95
10141,b,S18_2238,3,6257.94
10141,d,S18_2319,3,4845.23
10141,b,S18_3232,3,4893.96
10141,b,S24_1444,3,1017.20
10141,b,S24_2840,3,675.78
10141,b,S24_4048,3,4163.60
10141,d,S32_2509,3,1272.72
10141,d,S50_1392,3,4176.48
10146,a,S18_3782,3,2834.10
10146,b,S18_4721,3,3797.26
10151,d,S12_4473,3,2758.80
10151,b,S18_2238,3,6547.61
10151,d,S18_2319,3,5232.22
10151,d,S18_2432,3,2275.26
10151,b,S18_3232,3,3520.65
10151,d,S24_2300,3,4615.80
10151,b,S24_2840,3,880.50
10151,d,S32_1268,3,2288.25
10151,d,S32_2509,3,1774.89
10151,d,S50_1392,3,2829.06
10156,c,S50_1341,3,872.80
10156,a,S700_1691,3,3726.72
10161,b,S18_1129,3,3408.16
10161,b,S18_1589,3,4387.72
10161,b,S18_1984,3,6691.68
10161,b,S18_2870,3,2884.20
10161,b,S18_3685,3,4780.80
10161,b,S18_4933,3,1568.00
10161,b,S24_1046,3,2719.13
10161,b,S24_1628,3,1087.67
10161,b,S24_2766,3,1653.80
10161,b,S24_2887,3,2701.00
10161,b,S24_3191,3,1455.40
10161,b,S24_3432,3,2826.90
10170,b,S12_3380,3,5464.69
10170,b,S12_4675,3,3824.48
10170,b,S18_1889,3,1401.40
10170,b,S24_3856,3,4440.40
10175,b,S10_4962,3,3949.11
10175,d,S12_4473,3,2834.52
10175,d,S18_2319,3,4889.76
10175,d,S18_2432,3,2441.55
10175,b,S18_3232,3,4370.59
10175,d,S18_4600,3,4837.24
10175,d,S24_2300,3,3399.20
10175,b,S24_2840,3,1190.66
10175,d,S32_1268,3,1970.54
10175,d,S32_2509,3,2543.00
10175,d,S32_3522,3,1630.96
10175,b,S700_2824,3,3398.64
10180,a,S10_1678,3,2220.24
10180,a,S10_2016,3,4196.22
10180,a,S10_4698,3,6749.01
10180,a,S12_2823,3,5241.60
10180,a,S18_2625,3,1211.50
10180,a,S18_3782,3,1240.26
10180,b,S18_4721,3,6481.64
10180,a,S24_1578,3,4706.40
10180,a,S24_2000,3,1727.60
10180,a,S24_2360,3,2133.25
10180,b,S24_4620,3,1923.88
10180,a,S32_2206,3,1135.26
10180,a,S32_4485,3,2245.10
10180,a,S50_4713,3,1571.85
10181,b,S12_1099,3,4202.82
10181,b,S12_3380,3,3189.76
10181,b,S12_3990,3,1340.60
10181,b,S12_4675,3,3855.60
10181,b,S18_1129,3,5480.64
10181,b,S18_1589,3,5226.48
10181,b,S18_1889,3,1643.18
10181,b,S18_1984,3,2718.45
10181,b,S18_2870,3,3528.36
10181,b,S18_3232,3,6629.85
10181,b,S18_3278,3,2195.10
10181,b,S18_3482,3,2651.66
10181,b,S18_3685,3,5344.56
10181,b,S24_1628,3,1539.52
10181,b,S24_2972,3,1215.45
10181,b,S24_3371,3,1253.27
10181,b,S24_3856,3,3054.25
10195,d,S12_4473,3,5806.50
10195,b,S18_2238,3,3757.59
10195,d,S18_2319,3,3951.85
10195,b,S18_3232,3,7535.50
10195,b,S24_1444,3,2390.52
10195,b,S24_2840,3,1018.24
10195,b,S24_4048,3,3257.54
10195,d,S32_2509,3,1662.40
10195,d,S32_3207,3,1947.99
10195,d,S50_1392,3,4764.27
10206,b,S10_1949,3,9568.73
10206,d,S12_1666,3,3061.52
10206,d,S18_1097,3,3927.00
10206,c,S18_2949,3,3635.99
10206,c,S18_2957,3,1451.52
10206,c,S18_3136,3,3078.90
10206,c,S18_3320,3,2777.88
10206,c,S18_4668,3,961.38
10206,c,S24_4258,3,3149.52
10206,d,S32_3522,3,1977.84
10206,b,S700_2824,3,2937.33
10209,b,S10_4757,3,5038.80
10209,d,S18_3029,3,2312.24
10209,c,S18_3856,3,1948.00
10209,a,S24_2841,3,2857.35
10209,c,S24_3420,3,2035.80
10209,c,S24_3816,3,1752.74
10209,d,S700_2047,3,2987.16
10209,a,S72_1253,3,2121.60
10211,a,S10_1678,3,3727.72
10211,b,S12_1099,3,7020.02
10211,a,S12_2823,3,4554.72
10211,b,S12_3990,3,2234.40
10211,b,S18_3278,3,2560.95
10211,b,S18_3482,3,3868.76
10211,a,S18_3782,3,2773.80
10211,b,S18_4721,3,6100.80
10211,a,S24_1578,3,2733.00
10211,a,S24_2360,3,1308.93
10211,b,S24_3371,3,2527.68
10211,b,S24_4620,3,1778.48
10211,a,S32_2206,3,1633.03
10211,a,S32_4485,3,3511.67
10211,a,S50_4713,3,2831.20
10214,c,S18_1749,3,4998.00
10214,c,S18_2248,3,1118.88
10214,c,S18_2325,3,3398.22
10214,c,S18_2795,3,8353.00
10214,c,S24_1937,3,643.80
10214,c,S24_2022,3,1953.63
10214,c,S24_3969,3,1697.08
10215,b,S10_1949,3,7200.55
10215,d,S18_1097,3,4615.64
10215,c,S18_1342,3,2496.69
10215,c,S18_1367,3,1779.03
10215,c,S18_2949,3,4765.74
10215,c,S18_2957,3,1742.51
10215,c,S18_3136,3,4361.49
10215,c,S18_3320,3,3457.53
10215,c,S18_4668,3,1966.96
10215,c,S24_4258,3,3684.33
10228,b,S10_1949,3,6214.70
10228,d,S18_1097,3,3210.88
10228,c,S18_2949,3,2431.44
10228,c,S18_2957,3,2585.70
10228,c,S18_3136,3,3116.43
10228,c,S24_4258,3,2796.09
10234,b,S10_4757,3,5679.36
10234,a,S18_1662,3,7332.50
10234,d,S18_3029,3,4046.40
10234,c,S18_3856,3,3344.25
10234,a,S24_2841,3,2954.16
10234,c,S24_3420,3,1627.25
10234,c,S24_3816,3,2443.73
10234,d,S700_2047,3,2415.12
10234,a,S72_1253,3,1827.60
10247,b,S12_1108,3,8594.52
10247,b,S12_3148,3,3512.50
10247,b,S12_3891,3,4531.41
10247,b,S18_4027,3,6893.76
10247,d,S32_3207,3,2336.40
10247,d,S50_1514,3,2525.95
10249,c,S18_3856,3,4090.78
10249,a,S24_2841,3,1096.20
10249,c,S24_3420,3,1643.75
10249,d,S700_2047,3,3439.60
10249,a,S72_1253,3,1573.12
10252,b,S18_3278,3,1495.60
10252,b,S18_3482,3,5966.32
10252,a,S18_3782,3,1561.16
10252,b,S18_4721,3,3327.22
10252,a,S24_2360,3,2962.41
10252,b,S24_4620,3,2641.76
10252,a,S32_2206,3,1303.56
10252,a,S32_4485,3,2347.25
10252,a,S50_4713,3,3475.68
10271,d,S12_4473,3,3085.74
10271,b,S18_2238,3,7368.00
10271,d,S18_2319,3,6075.00
10271,d,S18_2432,3,1488.75
10271,b,S18_3232,3,3386.80
10271,b,S24_1444,3,2236.95
10271,d,S24_2300,3,5275.24
10271,b,S24_2840,3,1088.32
10271,b,S24_4048,3,2420.00
10271,d,S32_2509,3,1818.25
10271,d,S50_1392,3,3187.84
10278,b,S18_1129,3,3898.10
10278,b,S18_1589,3,2461.46
10278,b,S18_1889,3,2121.35
10278,b,S18_1984,3,3424.03
10278,b,S18_2870,3,4581.72
10278,b,S18_3232,3,7041.30
10278,b,S18_3685,3,3547.64
10278,b,S24_1628,3,1708.00
10278,b,S24_2972,3,1158.78
10278,b,S24_3856,3,3405.50
10283,b,S10_4757,3,3264.00
10283,d,S18_3029,3,1643.88
10283,c,S18_3856,3,4626.68
10283,c,S18_4522,3,2446.98
10283,d,S24_2011,3,4180.68
10283,c,S24_3151,3,2738.36
10283,c,S24_3816,3,2545.95
10283,d,S700_1138,3,2790.00
10283,d,S700_2047,3,1484.60
10283,d,S700_2610,3,3227.49
10283,d,S700_3505,3,1939.30
10283,d,S700_3962,3,3245.58
10283,a,S72_1253,3,1772.46
10283,d,S72_3212,3,1621.62
10292,d,S12_4473,3,1990.80
10292,b,S18_2238,3,3661.06
10292,d,S18_2319,3,4226.69
10292,b,S18_3232,3,3093.93
10292,b,S18_4027,3,5055.60
10292,b,S24_1444,3,1942.00
10292,b,S24_2840,3,1337.70
10292,b,S24_4048,3,3065.85
10292,d,S32_2509,3,2705.50
10292,d,S32_3207,3,1849.15
10292,d,S50_1392,3,4651.04
10292,d,S50_1514,3,1742.65
10301,b,S18_1129,3,4242.05
10301,b,S18_1589,3,3783.04
10301,b,S18_1984,3,5616.03
10301,b,S18_2870,3,2497.44
10301,b,S18_3232,3,3115.81
10301,b,S18_3685,3,5344.56
10301,b,S24_1046,3,1746.09
10301,b,S24_1628,3,896.50
10301,b,S24_2972,3,1540.80
10301,b,S24_3432,3,1908.06
10301,b,S24_3856,3,6108.50
10303,c,S18_2248,3,2617.86
10303,c,S24_3969,3,856.80
10306,b,S12_1108,3,5668.66
10306,b,S12_3148,3,4931.36
10306,b,S12_3891,3,2906.80
10306,c,S18_3140,3,3671.68
10306,d,S18_3259,3,3348.00
10306,b,S18_4027,3,2906.97
10306,c,S18_4522,3,3320.46
10306,d,S24_2011,3,3171.73
10306,c,S24_3151,3,2359.72
10306,d,S32_3207,3,2772.88
10306,d,S50_1514,3,1752.70
10306,d,S700_1138,3,3067.00
10306,d,S700_1938,3,2797.56
10306,d,S700_2610,3,2672.88
10306,d,S700_3505,3,3173.44
10306,d,S700_3962,3,2621.70
10306,d,S72_3212,3,1681.75
10309,a,S10_1678,3,3884.34
10309,a,S12_2823,3,3759.60
10309,a,S24_1578,3,2035.32
10309,a,S24_2360,3,1429.44
10309,a,S32_4485,3,4694.50
10309,a,S50_4713,3,2073.12
10313,b,S10_4962,3,5673.20
10313,d,S12_1666,3,2755.20
10313,d,S18_2319,3,3167.67
10313,d,S18_2432,3,1797.58
10313,b,S18_3232,3,3598.50
10313,d,S18_4600,3,3085.04
10313,d,S24_2300,3,4293.66
10313,d,S32_1268,3,2600.37
10313,d,S32_2509,3,1850.60
10313,d,S32_3522,3,1890.06
10313,b,S700_2824,3,2882.70
10319,a,S12_2823,3,4021.50
10319,b,S18_3278,3,3550.74
10319,a,S18_3782,3,2407.24
10319,b,S18_4721,3,5423.85
10319,a,S24_2360,3,2039.80
10319,b,S24_4620,3,3371.63
10319,a,S32_2206,3,1015.00
10319,a,S32_4485,3,2132.90
10319,a,S50_4713,3,3587.85
10321,b,S12_4675,3,2542.80
10321,b,S18_1129,3,5048.74
10321,b,S18_1589,3,5311.24
10321,b,S18_1889,3,2735.04
10321,b,S18_1984,3,3556.25
10321,b,S18_2870,3,3421.44
10321,b,S18_3232,3,5420.58
10321,b,S18_3685,3,3876.60
10321,b,S24_1046,3,2050.50
10321,b,S24_1628,3,2052.48
10321,b,S24_2766,3,2235.30
10321,b,S24_2972,3,1173.64
10321,b,S24_3191,3,3171.87
10321,b,S24_3432,3,2181.27
10321,b,S24_3856,3,3578.12
10324,b,S12_3148,3,3997.62
10324,d,S12_4473,3,2618.98
10324,b,S18_2238,3,6695.15
10324,d,S18_2319,3,3483.15
10324,b,S18_3232,3,3703.59
10324,b,S18_4027,3,5911.36
10324,c,S18_4668,3,1892.78
10324,b,S24_1444,3,1242.75
10324,d,S24_2300,3,3327.54
10324,b,S24_2840,3,880.50
10324,c,S24_4258,3,3149.52
10324,d,S32_1268,3,1829.80
10324,d,S32_3522,3,2916.48
10324,b,S700_2824,3,2751.28
10325,b,S10_4757,3,5241.44
10325,b,S12_1108,3,8116.50
10325,b,S12_3891,3,3986.40
10325,c,S18_3140,3,2753.76
10325,b,S24_4048,3,5048.12
10325,d,S32_2509,3,1686.06
10325,d,S32_3207,3,1548.40
10325,d,S50_1392,3,3782.90
10325,d,S50_1514,3,2474.56
10327,a,S18_1662,3,3863.50
10327,a,S18_2581,3,3345.30
10327,d,S18_3029,3,1871.00
10327,d,S700_1938,3,1593.60
10327,d,S700_2610,3,1366.05
10327,d,S700_3505,3,3661.02
10327,d,S700_3962,3,3086.54
10327,d,S72_3212,3,1777.85
10350,b,S10_4757,3,2864.16
10350,d,S18_3029,3,3624.90
10350,c,S18_3140,3,5949.68
10350,d,S18_3259,3,3886.39
10350,c,S18_4522,3,2106.60
10350,d,S24_2011,3,3342.54
10350,c,S24_3151,3,2602.20
10350,c,S24_3816,3,1928.75
10350,d,S32_3207,3,1661.04
10350,d,S50_1392,3,3229.58
10350,d,S50_1514,3,2500.08
10350,d,S700_1138,3,2576.00
10350,d,S700_1938,3,2134.16
10350,d,S700_2610,3,1991.43
10350,d,S700_3505,3,2701.65
10350,d,S700_3962,3,2433.00
10350,d,S72_3212,3,961.00
10356,b,S18_1129,3,5173.33
10356,c,S18_1342,3,4109.50
10356,c,S18_1367,3,984.50
10356,b,S18_1984,3,3533.49
10356,c,S18_2325,3,3096.91
10356,c,S18_2795,3,4758.90
10356,c,S24_1937,3,1529.28
10356,c,S24_2022,3,1094.86
10356,a,S50_4713,3,2030.86
10359,b,S10_4757,3,5875.20
10359,b,S12_1108,3,7593.18
10359,b,S12_3891,3,7969.36
10359,b,S24_4048,3,2394.04
10359,d,S32_2509,3,1636.20
10359,d,S32_3207,3,1367.08
10359,d,S50_1392,3,4579.30
10359,d,S50_1514,3,1186.25
10361,a,S10_1678,3,1856.60
10361,a,S10_2016,3,2968.68
10361,c,S24_3420,3,2123.64
10361,a,S24_3949,3,1596.92
10361,a,S24_4278,3,1720.75
10361,c,S32_4289,3,2764.09
10361,c,S50_1341,3,1180.74
10361,a,S700_1691,3,1772.00
10361,d,S700_2047,3,2063.76
10361,a,S700_2466,3,2385.24
10361,a,S700_2834,3,4750.68
10361,a,S700_3167,3,3379.20
10361,a,S700_4002,3,2176.65
10361,a,S72_1253,3,1096.41
10364,a,S32_2206,3,1834.56
10375,a,S10_1678,3,1607.76
10375,b,S12_1099,3,8317.80
10375,a,S12_2823,3,7380.38
10375,a,S24_2000,3,1541.69
10375,a,S24_2360,3,1205.20
10375,a,S24_4278,3,2585.59
10375,a,S32_1374,3,3252.30
10375,c,S32_4289,3,2633.40
10375,a,S32_4485,3,3974.95
10375,c,S50_1341,3,1774.78
10375,a,S50_4713,3,3388.84
10375,a,S700_1691,3,3210.49
10375,a,S700_2466,3,3126.09
10375,a,S700_2834,3,2462.00
10375,a,S700_3167,3,3062.40
10377,b,S12_3990,3,1570.56
10377,b,S12_4675,3,5643.00
10377,b,S18_1129,3,4359.60
10377,b,S18_1889,3,1909.60
10377,b,S18_1984,3,4506.48
10377,b,S18_3232,3,5613.66
10383,d,S18_2319,3,3214.35
10383,c,S18_3140,3,3015.84
10383,b,S18_3232,3,7322.13
10383,d,S18_3259,3,2176.20
10383,b,S18_4027,3,5239.44
10383,c,S18_4522,3,2162.72
10383,b,S24_1444,3,1157.20
10383,b,S24_2840,3,1329.60
10383,b,S24_4048,3,2459.10
10383,d,S32_2509,3,1714.24
10383,d,S32_3207,3,2460.92
10383,d,S50_1392,3,2752.68
10383,d,S50_1514,3,1847.56
10390,b,S18_1129,3,4229.28
10390,b,S18_1984,3,4497.86
10390,c,S18_2325,3,3192.38
10390,c,S18_2795,3,4212.00
10390,b,S18_3278,3,3023.60
10390,b,S18_3482,3,6761.50
10390,a,S18_3782,3,1947.24
10390,b,S18_4721,3,5978.98
10390,a,S24_2360,3,2375.45
10390,b,S24_2972,3,1327.19
10390,b,S24_3371,3,2365.78
10390,b,S24_3856,3,6066.45
10390,b,S24_4620,3,1988.70
10390,a,S32_2206,3,1599.82
10390,a,S32_4485,3,4546.35
10390,a,S50_4713,3,1789.92
10393,b,S12_3148,3,5076.40
10393,d,S12_4473,3,3185.28
10393,b,S18_2238,3,2750.60
10393,d,S18_2319,3,3964.16
10393,d,S18_4600,3,3196.50
10393,c,S18_4668,3,1837.44
10393,d,S24_2300,3,3711.18
10393,c,S24_4258,3,2924.46
10393,d,S32_1268,3,3220.50
10393,d,S32_3522,3,1963.85
10393,b,S700_2824,3,1762.95
10400,b,S10_4757,3,8616.96
10400,a,S18_1662,3,4396.54
10400,d,S18_3029,3,2245.20
10400,c,S18_3856,3,5157.94
10400,a,S24_2841,3,1331.76
10400,c,S24_3420,3,2248.84
10400,c,S24_3816,3,3134.88
10400,d,S700_2047,3,3789.02
10400,a,S72_1253,3,834.20
10403,a,S10_1678,3,2044.08
10403,a,S10_4698,3,11503.14
10403,a,S12_2823,3,8052.00
10403,a,S18_3782,3,1991.88
10403,a,S24_1578,3,5028.72
10403,a,S24_2360,3,1552.23
10403,a,S32_2206,3,1074.00
10403,a,S32_4485,3,3995.10
10403,a,S50_4713,3,2017.79
10404,b,S12_1099,3,10460.16
10404,b,S12_3380,3,4393.31
10404,b,S12_3990,3,5161.31
10404,b,S18_3278,3,6078.60
10404,b,S18_3482,3,3580.64
10404,b,S18_4721,3,5999.52
10404,b,S24_3371,3,2610.23
10404,b,S24_4620,3,3143.04
10415,c,S18_3856,3,4427.31
10415,a,S24_2841,3,1280.37
10415,c,S24_3420,3,1076.94
10415,d,S700_2047,3,2346.24
10415,a,S72_1253,3,1814.40
10101,c,S18_2325,2,2701.50
10101,c,S18_2795,2,4343.56
10101,c,S24_1937,2,1463.85
10101,c,S24_2022,2,2040.10
10107,a,S10_1678,2,2440.50
10107,a,S10_2016,2,4128.54
10107,a,S10_4698,2,4653.72
10107,a,S12_2823,2,2562.00
10107,a,S18_2625,2,1528.30
10107,a,S24_1578,2,2423.00
10107,a,S24_2000,2,2778.56
10107,a,S32_1374,2,1778.00
10110,b,S18_1589,2,4374.14
10110,c,S18_1749,2,6426.00
10110,c,S18_2248,2,1646.72
10110,c,S18_2325,2,3817.77
10110,c,S18_2795,2,5074.39
10110,c,S18_4409,2,2293.48
10110,b,S18_4933,2,2604.00
10110,b,S24_1046,2,2592.72
10110,b,S24_1628,2,1254.83
10110,c,S24_1937,2,577.60
10110,c,S24_2022,2,1590.03
10110,b,S24_2766,2,3555.67
10110,b,S24_2887,2,5186.04
10110,b,S24_3191,2,2172.69
10110,b,S24_3432,2,3565.69
10110,c,S24_3969,2,1693.92
10116,d,S32_3207,2,1627.56
10120,a,S10_2016,2,3449.26
10120,a,S10_4698,2,7304.80
10120,a,S18_2581,2,2400.91
10120,a,S18_2625,2,2646.84
10120,a,S24_1578,2,3865.75
10120,a,S24_1785,2,3627.39
10120,a,S24_2000,2,2460.24
10120,a,S24_4278,2,2080.17
10120,a,S32_1374,2,2087.80
10120,c,S32_4289,2,1994.91
10120,c,S50_1341,2,2031.54
10120,a,S700_1691,2,4292.98
10120,a,S700_2466,2,1962.48
10120,a,S700_2834,2,2562.96
10120,a,S700_3167,2,3096.00
10123,b,S18_1589,2,3138.46
10123,b,S18_2870,2,5282.64
10123,b,S18_3685,2,3986.84
10123,b,S24_1628,2,2163.50
10129,b,S10_4757,2,4084.08
10129,d,S24_2011,2,5087.70
10129,c,S24_3151,2,3338.63
10129,c,S24_3816,2,3815.50
10129,d,S700_1138,2,1818.77
10129,d,S700_2610,2,3252.60
10129,d,S700_3505,2,3786.30
10129,d,S700_3962,2,2830.20
10129,d,S72_3212,2,1415.36
10136,b,S18_1129,2,2937.00
10136,b,S18_1984,2,4352.76
10136,b,S18_3232,2,6942.94
10143,b,S10_4757,2,6530.72
10143,a,S18_1662,2,4036.80
10143,d,S18_3029,2,3244.84
10143,c,S18_3856,2,3383.68
10143,a,S24_2841,2,1720.17
10143,c,S24_3420,2,1974.39
10143,c,S24_3816,2,1716.72
10143,a,S24_3949,2,1566.88
10143,c,S50_1341,2,1186.94
10143,a,S700_1691,2,3123.72
10143,d,S700_2047,2,2282.80
10143,a,S700_2466,2,2074.28
10143,d,S700_2610,2,2151.09
10143,a,S700_3167,2,1971.20
10143,a,S700_4002,2,2215.10
10143,a,S72_1253,2,1837.42
10150,b,S10_1949,2,8197.20
10150,b,S10_4962,2,2423.00
10150,d,S12_1666,2,4059.00
10150,d,S18_1097,2,3252.78
10150,c,S18_2949,2,4380.87
10150,c,S18_2957,2,1686.30
10150,c,S18_3136,2,2532.14
10150,d,S18_4600,2,5458.11
10150,c,S18_4668,2,1418.70
10150,d,S32_3522,2,3040.45
10150,b,S700_2824,2,1901.60
10164,b,S10_4962,2,3009.51
10164,d,S12_1666,2,5960.36
10164,d,S18_1097,2,3738.24
10164,d,S18_4600,2,4849.20
10164,c,S18_4668,2,1157.25
10164,d,S32_1268,2,2195.76
10164,d,S32_3522,2,2818.97
10164,b,S700_2824,2,3392.61
10171,b,S18_1129,2,4706.10
10171,b,S18_1984,2,4481.05
10171,b,S18_3232,2,6472.05
10171,b,S24_2972,2,1250.64
10178,b,S10_4757,2,3166.08
10178,a,S18_1662,2,5364.66
10178,d,S18_3029,2,2892.14
10178,c,S18_3856,2,5030.88
10178,a,S24_2841,2,2305.88
10178,c,S24_3420,2,1775.25
10178,c,S24_3816,2,1444.17
10178,a,S24_3949,2,1924.50
10178,d,S700_2047,2,2954.60
10178,a,S700_2466,2,2018.28
10178,a,S700_4002,2,3064.95
10178,a,S72_1253,2,1876.95
10179,a,S18_2581,2,1986.96
10179,a,S24_1785,2,4936.88
10179,a,S24_4278,2,1799.55
10179,a,S32_1374,2,3910.50
10179,c,S32_4289,2,1535.28
10179,c,S50_1341,2,1468.80
10179,a,S700_1691,2,1743.63
10179,a,S700_2834,2,2462.00
10179,a,S700_3167,2,3120.00
10183,b,S10_1949,2,4140.23
10183,b,S10_4962,2,3557.68
10183,d,S12_1666,2,4706.80
10183,d,S18_1097,2,2278.50
10183,c,S18_2949,2,3373.66
10183,c,S18_2957,2,1997.58
10183,c,S18_3136,2,1981.32
10183,d,S18_4600,2,2491.86
10183,c,S18_4668,2,1690.40
10183,c,S24_4258,2,3845.07
10183,d,S32_3522,2,2565.64
10183,b,S700_2824,2,1977.54
10204,b,S18_1129,2,4815.30
10204,b,S18_1589,2,4529.60
10204,c,S18_1749,2,5049.00
10204,b,S18_1984,2,5081.36
10204,c,S18_2248,2,1364.59
10204,c,S18_2325,2,3107.00
10204,b,S18_2870,2,2886.84
10204,b,S18_3685,2,4648.00
10204,c,S18_4409,2,2428.75
10204,b,S18_4933,2,3142.80
10204,b,S24_1046,2,1396.40
10204,b,S24_1628,2,2105.55
10204,b,S24_2766,2,3715.82
10204,b,S24_2887,2,4735.08
10204,b,S24_3191,2,3390.00
10204,b,S24_3432,2,5037.12
10204,c,S24_3969,2,1360.32
10207,b,S10_4962,2,3892.98
10207,d,S12_4473,2,3263.66
10207,b,S18_2238,2,6195.64
10207,d,S18_2319,2,4696.89
10207,d,S18_2432,2,2248.49
10207,b,S18_3232,2,3513.75
10207,b,S18_4027,2,5744.80
10207,d,S18_4600,2,5633.89
10207,b,S24_1444,2,2832.20
10207,d,S24_2300,2,5878.34
10207,b,S24_2840,2,1291.92
10207,b,S24_4048,2,3046.96
10207,d,S32_1268,2,4152.75
10207,d,S32_2509,2,1402.65
10207,d,S32_3207,2,2488.50
10207,d,S50_1392,2,2981.72
10208,b,S12_1108,2,8124.98
10208,b,S12_3148,2,3338.92
10208,b,S12_3891,2,3045.20
10208,c,S18_3140,2,2819.28
10208,d,S18_3259,2,4646.88
10208,c,S18_4522,2,3278.25
10208,d,S24_2011,2,4301.15
10208,c,S24_3151,2,1610.80
10208,d,S50_1514,2,1739.70
10208,d,S700_1138,2,2153.46
10208,d,S700_1938,2,2944.80
10208,d,S700_2610,2,2926.06
10208,d,S700_3505,2,3520.92
10208,d,S700_3962,2,3146.22
10208,d,S72_3212,2,2018.10
10212,b,S12_3380,2,3892.98
10212,b,S12_4675,2,3648.15
10212,b,S18_1129,2,3406.92
10212,b,S18_1589,2,4019.26
10212,b,S18_1889,2,1293.60
10212,b,S18_1984,2,5482.52
10212,b,S18_2870,2,4699.20
10212,b,S18_3232,2,6231.60
10212,b,S18_3685,2,5213.25
10212,b,S24_1046,2,2530.93
10212,b,S24_1628,2,1947.15
10212,b,S24_2766,2,3680.10
10212,b,S24_2972,2,1270.92
10212,b,S24_3191,2,2103.57
10212,b,S24_3432,2,4630.36
10212,b,S24_3856,2,5780.04
10216,d,S12_1666,2,5759.42
10217,b,S10_4962,2,6382.56
10217,d,S18_2432,2,2041.90
10217,d,S18_4600,2,4509.08
10217,d,S24_2300,2,2898.28
10217,d,S32_1268,2,1658.37
10217,d,S32_3522,2,2193.36
10217,b,S700_2824,2,2790.62
10218,d,S18_2319,2,2430.12
10218,b,S18_3232,2,5181.94
10219,d,S12_4473,2,4550.40
10219,b,S18_2238,2,5702.66
10219,b,S24_2840,2,653.52
10219,d,S32_2509,2,1666.70
10225,b,S12_1099,2,4255.20
10225,b,S12_3380,2,2525.00
10225,b,S12_3990,2,2391.68
10225,b,S12_4675,2,2103.99
10225,b,S18_1129,2,3713.92
10225,b,S18_1889,2,3365.67
10225,b,S18_3232,2,6990.51
10225,b,S18_3278,2,2588.52
10225,b,S18_3482,2,3214.62
10225,b,S18_4721,2,4739.35
10225,b,S24_2972,2,1459.08
10225,b,S24_3371,2,1234.32
10225,b,S24_3856,2,5224.00
10225,b,S24_4620,2,3570.06
10243,c,S18_2325,2,5257.89
10243,c,S24_1937,2,1018.71
10256,c,S18_1342,2,3178.66
10256,c,S18_1367,2,1532.07
10259,b,S10_4962,2,3149.90
10259,d,S12_4473,2,5396.72
10259,b,S18_2238,2,4027.80
10259,d,S18_2319,2,4089.52
10259,d,S18_2432,2,1786.50
10259,b,S18_3232,2,4115.07
10259,d,S18_4600,2,4418.16
10259,b,S24_1444,2,1310.96
10259,d,S24_2300,2,5705.80
10259,b,S24_2840,2,975.57
10259,d,S32_1268,2,4290.75
10259,d,S32_2509,2,1839.60
10259,d,S50_1392,2,3054.57
10267,b,S18_4933,2,2565.72
10267,b,S24_1046,2,2880.80
10267,b,S24_2766,2,2900.54
10267,b,S24_2887,2,4039.85
10267,b,S24_3191,2,3691.60
10267,b,S24_3432,2,4235.93
10268,c,S18_1342,2,4581.01
10268,c,S18_1367,2,1191.32
10268,c,S18_1749,2,5606.60
10268,c,S18_2248,2,1876.74
10268,c,S18_2325,2,6229.50
10268,c,S18_2795,2,5197.50
10268,c,S18_3320,2,3752.97
10268,c,S18_4409,2,2963.45
10268,c,S24_1937,2,1051.38
10268,c,S24_2022,2,1451.60
10268,c,S24_3969,2,1132.50
10269,c,S18_2957,2,1838.72
10269,c,S24_4258,2,4581.12
10272,b,S12_1108,2,6545.70
10272,b,S12_3148,2,3345.03
10272,b,S12_3891,2,5803.20
10272,b,S18_4027,2,3159.75
10272,d,S32_3207,2,2544.75
10272,d,S50_1514,2,2317.27
10280,b,S10_1949,2,6994.82
10280,d,S18_1097,2,2352.00
10280,c,S18_1342,2,4366.50
10280,c,S18_1367,2,1280.88
10280,c,S18_1749,2,4199.00
10280,c,S18_2248,2,1332.00
10280,c,S18_2325,2,4045.21
10280,c,S18_2795,2,3489.86
10280,c,S18_2949,2,3774.76
10280,c,S18_2957,2,2336.62
10280,c,S18_3136,2,2976.27
10280,c,S18_3320,2,3373.14
10280,c,S18_4409,2,2705.85
10280,c,S24_1937,2,597.40
10280,c,S24_2022,2,1633.05
10280,c,S24_3969,2,1164.57
10280,c,S24_4258,2,1677.06
10282,b,S12_1108,2,7241.83
10282,b,S12_3148,2,3834.54
10282,b,S12_3891,2,4069.44
10282,b,S18_2238,2,3389.28
10282,c,S18_3140,2,5285.99
10282,d,S18_3259,2,3194.64
10282,b,S18_4027,2,4096.03
10282,b,S24_1444,2,1441.59
10282,b,S24_4048,2,3782.61
10282,d,S32_3207,2,1856.88
10282,d,S50_1392,2,4354.42
10282,d,S50_1514,2,2080.88
10282,d,S700_1938,2,3351.85
10287,b,S12_1099,2,4004.28
10287,b,S12_3380,2,5284.80
10287,b,S12_3990,2,3042.61
10287,b,S12_4675,2,2463.30
10287,b,S18_1129,2,4642.43
10287,b,S18_1889,2,2710.40
10287,b,S18_1984,2,2970.24
10287,b,S18_2870,2,5052.96
10287,b,S18_3232,2,4938.12
10287,b,S18_3278,2,2939.05
10287,b,S18_3482,2,5115.20
10287,b,S18_3685,2,3776.49
10287,b,S18_4721,2,4047.36
10287,b,S24_2972,2,1128.24
10287,b,S24_3371,2,1163.40
10287,b,S24_3856,2,4954.32
10287,b,S24_4620,2,3168.80
10305,b,S10_4962,2,4940.38
10305,d,S12_4473,2,4097.92
10305,b,S18_2238,2,3580.74
10305,d,S18_2319,2,4241.52
10305,d,S18_2432,2,2416.95
10305,b,S18_3232,2,5952.19
10305,d,S18_4600,2,2477.20
10305,b,S24_1444,2,2184.75
10305,d,S24_2300,2,2576.16
10305,b,S24_2840,2,1476.48
10305,b,S24_4048,2,4258.08
10305,d,S32_1268,2,2642.64
10305,d,S32_2509,2,1948.00
10305,d,S50_1392,2,4618.32
10310,b,S12_1099,2,5457.54
10310,b,S12_3380,2,2536.80
10310,b,S12_3990,2,3793.09
10310,b,S12_4675,2,2533.50
10310,b,S18_1129,2,4765.60
10310,b,S18_1889,2,1339.80
10310,b,S18_1984,2,3106.80
10310,b,S18_3232,2,7640.64
10310,b,S18_3278,2,1910.52
10310,b,S18_3482,2,5978.00
10310,a,S18_3782,2,2480.52
10310,b,S18_4721,2,5356.80
10310,b,S24_2972,2,1096.59
10310,b,S24_3371,2,1907.98
10310,b,S24_3856,2,6256.35
10310,b,S24_4620,2,3683.82
10310,a,S32_2206,2,1390.32
10312,b,S10_1949,2,10286.40
10312,d,S18_1097,2,3248.00
10312,c,S18_1342,2,4417.82
10312,c,S18_1367,2,1091.75
10312,c,S18_1749,2,7017.60
10312,c,S18_2248,2,1452.90
10312,c,S18_2325,2,3467.97
10312,c,S18_2795,2,3754.75
10312,c,S18_2949,2,3373.66
10312,c,S18_2957,2,1901.90
10312,c,S18_3136,2,3541.60
10312,c,S18_3320,2,2782.89
10312,c,S18_4668,2,1726.53
10312,c,S24_1937,2,1087.32
10312,c,S24_2022,2,999.58
10312,c,S24_3969,2,1246.51
10312,c,S24_4258,2,4242.48
10333,b,S10_1949,2,4903.08
10333,d,S12_1666,2,4014.12
10333,d,S18_1097,2,3214.36
10333,c,S18_2949,2,2952.13
10333,c,S18_3320,2,4381.04
10333,c,S18_4668,2,1014.24
10333,c,S24_4258,2,3722.16
10333,d,S32_3522,2,2047.65
10343,b,S18_1589,2,3942.36
10343,b,S18_2870,2,2970.00
10343,b,S18_3685,2,5594.60
10343,b,S24_1628,2,1209.06
10343,b,S24_4620,2,2304.00
10343,a,S32_2206,2,1084.89
10349,b,S12_3891,2,4318.60
10349,d,S12_4473,2,5517.60
10349,b,S18_2238,2,5413.10
10349,d,S18_2319,2,4477.16
10349,b,S18_3232,2,7884.48
10349,b,S18_4027,2,4785.50
10349,b,S24_1444,2,2413.92
10349,b,S24_2840,2,1132.92
10349,b,S24_4048,2,2557.14
10349,d,S32_2509,2,1464.21
10360,a,S18_1662,2,6307.50
10360,a,S18_2581,2,2805.63
10360,d,S18_3029,2,3284.40
10360,c,S18_3140,2,3564.97
10360,d,S18_3259,2,2748.91
10360,c,S18_3856,2,4065.60
10360,c,S18_4522,2,3054.40
10360,a,S24_1785,2,2335.08
10360,d,S24_2011,2,3123.87
10360,a,S24_2841,2,2719.01
10360,c,S24_3151,2,2549.16
10360,c,S24_3816,2,1734.26
10360,d,S700_1138,2,2069.44
10360,d,S700_1938,2,2251.86
10360,d,S700_2610,2,2103.30
10360,d,S700_3505,2,2909.90
10360,d,S700_3962,2,2863.16
10360,d,S72_3212,2,1675.55
10366,b,S18_1984,2,3966.10
10366,b,S18_2870,2,5174.40
10366,b,S18_3232,2,5239.40
10371,b,S12_1108,2,5718.72
10371,d,S12_4473,2,5109.72
10371,b,S18_2238,2,4011.50
10371,b,S24_1444,2,1343.75
10371,d,S24_2300,2,2530.20
10371,b,S24_2840,2,1575.45
10371,b,S24_4048,2,2682.68
10371,d,S32_1268,2,2153.58
10371,d,S32_2509,2,887.40
10371,d,S32_3207,2,1603.20
10371,d,S50_1392,2,4667.04
10371,b,S700_2824,2,2854.30
10372,b,S12_3148,2,5862.00
10372,b,S12_3891,2,4765.10
10372,c,S18_3140,2,3671.64
10372,d,S18_3259,2,2294.00
10372,b,S18_4027,2,5721.60
10372,c,S18_4522,2,3238.59
10372,d,S24_2011,2,3774.00
10372,d,S50_1514,2,1363.68
10372,d,S700_1938,2,3277.12
10380,c,S18_1342,2,2385.72
10380,c,S18_2325,2,4780.00
10380,c,S18_2795,2,3295.74
10380,c,S18_4409,2,2503.36
10380,b,S18_4933,2,1607.76
10380,b,S24_1046,2,2273.92
10380,c,S24_1937,2,955.84
10380,c,S24_2022,2,1016.01
10380,b,S24_2766,2,2780.64
10380,b,S24_2887,2,4909.08
10380,b,S24_3191,2,3390.20
10380,b,S24_3432,2,3094.68
10380,c,S24_3969,2,1411.26
10392,c,S18_2957,2,2264.77
10392,c,S18_3136,2,3006.43
10392,c,S18_3320,2,3535.92
10399,a,S10_1678,2,3100.80
10399,a,S10_2016,2,5095.41
10399,a,S10_4698,2,3450.92
10399,a,S12_2823,2,3581.79
10399,a,S18_2625,2,1544.40
10399,a,S24_1578,2,5974.17
10399,a,S24_2000,2,4373.78
10399,a,S32_1374,2,3132.48
10412,d,S12_4473,2,5439.42
10412,b,S18_2238,2,6175.83
10412,d,S18_2319,2,6735.68
10412,d,S18_2432,2,2342.01
10412,b,S18_3232,2,9449.40
10412,b,S24_1444,2,995.40
10412,d,S24_2300,2,7693.00
10412,b,S24_2840,2,986.40
10412,b,S24_4048,2,3373.42
10412,d,S32_2509,2,966.34
10412,d,S50_1392,2,2738.58
10419,b,S12_1099,2,2194.80
10419,b,S12_3380,2,1115.70
10419,b,S12_3990,2,2197.76
10419,b,S12_4675,2,3169.28
10419,b,S18_1129,2,4464.24
10419,b,S18_1589,2,3729.60
10419,b,S18_1889,2,2642.64
10419,b,S18_1984,2,4546.48
10419,b,S18_2870,2,6388.80
10419,b,S18_3232,2,5808.25
10419,b,S18_3685,2,4920.92
10419,b,S24_2972,2,481.50
10419,b,S24_3371,2,2896.30
10419,b,S24_3856,2,7863.80
10104,b,S12_3148,1,4468.96
10104,d,S12_4473,1,4566.99
10104,b,S18_2238,1,3261.60
10104,d,S18_2319,1,3559.17
10104,b,S18_3232,1,3816.85
10104,b,S18_4027,1,4529.60
10104,b,S24_1444,1,1820.70
10104,b,S24_2840,1,1338.04
10104,b,S24_4048,1,2767.70
10104,d,S32_2509,1,1818.25
10104,d,S32_3207,1,2770.95
10104,d,S50_1392,1,3781.47
10104,d,S50_1514,1,1705.92
10105,b,S10_4757,1,6392.00
10105,b,S12_1108,1,8434.52
10105,b,S12_3891,1,4114.52
10105,c,S18_3140,1,3004.98
10105,d,S18_3259,1,3333.74
10105,c,S18_4522,1,3094.68
10105,d,S24_2011,1,5072.71
10105,c,S24_3151,1,3232.24
10105,c,S24_3816,1,3773.50
10105,d,S700_1138,1,2214.00
10105,d,S700_1938,1,2511.69
10105,d,S700_2610,1,1882.32
10105,d,S700_3505,1,3594.24
10105,d,S700_3962,1,2184.82
10105,d,S72_3212,1,1119.25
10109,b,S18_1129,1,3054.48
10109,b,S18_1984,1,5243.24
10109,b,S18_2870,1,3294.72
10109,b,S18_3232,1,7400.02
10109,b,S18_3685,1,5909.78
10109,b,S24_2972,1,930.90
10113,d,S12_1666,1,2554.44
10113,d,S18_1097,1,4973.50
10113,c,S18_4668,1,2163.50
10113,d,S32_3522,1,1352.86
10114,b,S10_4962,1,3984.43
10114,d,S18_2319,1,4164.42
10114,d,S18_2432,1,2406.60
10114,b,S18_3232,1,8128.32
10114,d,S18_4600,1,4318.94
10114,d,S24_2300,1,2146.83
10114,b,S24_2840,1,687.36
10114,d,S32_1268,1,2835.52
10114,d,S32_2509,1,1227.24
10114,b,S700_2824,1,3483.48
10117,b,S12_1108,1,6445.89
10117,b,S12_3148,1,6366.58
10117,b,S12_3891,1,6747.78
10117,c,S18_3140,1,3160.82
10117,d,S18_3259,1,1715.28
10117,b,S18_4027,1,2685.76
10117,c,S18_4522,1,1695.79
10117,d,S24_2011,1,4887.20
10117,d,S50_1514,1,1168.65
10117,d,S700_1938,1,2863.30
10117,d,S700_3962,1,4022.10
10117,d,S72_3212,1,2621.00
10135,b,S12_1099,1,7273.14
10135,b,S12_3380,1,5298.72
10135,b,S12_3990,1,1742.88
10135,b,S12_4675,1,3005.56
10135,b,S18_1889,1,3215.52
10135,b,S18_3278,1,2967.30
10135,b,S18_3482,1,5864.88
10135,a,S18_3782,1,2238.30
10135,b,S18_4721,1,4151.52
10135,a,S24_2360,1,1948.22
10135,b,S24_2972,1,687.20
10135,b,S24_3371,1,1405.35
10135,b,S24_3856,1,6534.41
10135,b,S24_4620,1,1766.40
10135,a,S32_2206,1,1274.46
10135,a,S32_4485,1,2755.50
10135,a,S50_4713,1,3472.48
10144,c,S32_4289,1,1128.20
10155,b,S10_4757,1,4134.40
10155,a,S18_1662,1,5273.26
10155,d,S18_3029,1,3671.36
10155,c,S18_3856,1,3070.23
10155,a,S24_2841,1,1433.82
10155,c,S24_3420,1,1922.70
10155,c,S24_3816,1,2823.47
10155,a,S24_3949,1,2582.36
10155,d,S700_2047,1,2867.52
10155,a,S700_2466,1,1755.00
10155,a,S700_3167,1,3302.40
10155,a,S700_4002,1,3094.52
10155,a,S72_1253,1,1671.44
10162,c,S18_1342,1,4191.84
10162,c,S18_1367,1,2037.60
10162,c,S18_1749,1,4091.90
10162,c,S18_2248,1,1438.56
10162,c,S18_2325,1,4299.70
10162,c,S18_2795,1,7533.12
10162,c,S18_4409,1,3373.89
10162,c,S24_1937,1,1019.35
10162,c,S24_2022,1,1676.14
10162,c,S24_3969,1,1214.34
10187,a,S18_2581,1,3155.40
10187,a,S24_1785,1,4429.34
10187,a,S24_3949,1,2406.28
10187,a,S24_4278,1,2127.84
10187,c,S32_4289,1,1897.82
10187,c,S50_1341,1,1628.11
10187,a,S700_1691,1,2888.30
10187,a,S700_2466,1,4212.12
10187,a,S700_3167,1,2448.00
10187,a,S700_4002,1,3094.52
10190,a,S24_2360,1,2472.54
10190,a,S32_2206,1,1776.52
10190,a,S32_4485,1,3771.60
10190,a,S50_4713,1,2701.20
10194,b,S10_1949,1,8550.78
10194,b,S10_4962,1,3495.44
10194,d,S12_1666,1,4726.06
10194,d,S18_1097,1,2180.64
10194,d,S18_2432,1,2297.25
10194,d,S18_4600,1,3642.24
10194,c,S18_4668,1,1959.39
10194,d,S24_2300,1,5510.54
10194,d,S32_1268,1,2850.85
10194,d,S32_3522,1,2394.99
10194,b,S700_2824,1,2103.92
10201,a,S10_1678,1,1810.60
10201,a,S10_2016,1,2797.44
10201,a,S10_4698,1,9394.28
10201,a,S12_2823,1,3163.00
10201,a,S18_2625,1,1453.80
10201,a,S24_1578,1,3648.06
10201,a,S24_2000,1,1656.75
10221,c,S18_3140,1,4417.38
10221,d,S18_3259,1,2064.25
10221,c,S18_4522,1,3286.14
10221,d,S24_2011,1,5539.94
10221,d,S700_1938,1,1593.67
10222,b,S10_4757,1,6530.72
10222,a,S18_1662,1,6722.31
10222,d,S18_3029,1,3877.86
10222,c,S18_3856,1,4001.85
10222,a,S24_2841,1,1819.52
10222,c,S24_3151,1,3494.45
10222,c,S24_3420,1,2629.45
10222,c,S24_3816,1,3587.54
10222,a,S24_3949,1,2652.96
10222,d,S700_1138,1,1818.77
10222,d,S700_2047,1,2094.56
10222,a,S700_2466,1,3357.75
10222,d,S700_2610,1,2498.04
10222,d,S700_3505,1,3197.32
10222,d,S700_3962,1,2524.33
10222,a,S700_4002,1,2865.09
10222,a,S72_1253,1,1400.89
10222,d,S72_3212,1,1749.24
10229,b,S10_4962,1,6944.00
10229,d,S12_1666,1,2767.50
10229,d,S12_4473,1,3455.64
10229,d,S18_2319,1,2712.32
10229,d,S18_2432,1,1497.44
10229,b,S18_3232,1,3464.78
10229,d,S18_4600,1,4914.67
10229,c,S18_4668,1,1707.03
10229,d,S24_2300,1,5520.48
10229,b,S24_2840,1,1143.45
10229,d,S32_1268,1,1974.25
10229,d,S32_2509,1,1144.94
10229,d,S32_3522,1,1570.80
10229,b,S700_2824,1,4552.00
10238,b,S12_1099,1,4521.72
10238,b,S12_3380,1,3031.08
10238,b,S12_3990,1,1468.40
10238,b,S18_3278,1,2802.35
10238,b,S18_3482,1,7058.45
10238,b,S18_4721,1,5303.32
10238,b,S24_3371,1,2532.36
10238,b,S24_4620,1,1494.02
10246,d,S12_4473,1,4578.84
10246,b,S18_2238,1,5763.20
10246,d,S18_2319,1,2214.08
10246,d,S18_2432,1,1731.90
10246,b,S18_3232,1,5242.68
10246,b,S24_1444,1,2034.56
10246,d,S24_2300,1,3446.36
10246,b,S24_2840,1,1697.85
10246,b,S24_4048,1,4624.84
10246,d,S32_2509,1,1590.75
10246,d,S50_1392,1,2495.68
10253,b,S12_1099,1,3782.40
10253,b,S12_3380,1,2247.74
10253,b,S12_3990,1,1675.75
10253,b,S12_4675,1,4485.40
10253,b,S18_1129,1,3385.72
10253,b,S18_1589,1,2478.96
10253,b,S18_1889,1,1558.48
10253,b,S18_1984,1,4318.71
10253,b,S18_2870,1,4249.08
10253,b,S18_3232,1,5825.20
10253,b,S18_3685,1,4335.97
10253,b,S24_2972,1,1389.60
10253,b,S24_3371,1,1219.68
10253,b,S24_3856,1,4490.85
10254,c,S18_1749,1,6747.30
10254,c,S18_2248,1,1983.24
10254,c,S18_2325,1,4222.18
10254,c,S18_4409,1,2753.66
10254,b,S18_4933,1,1796.10
10254,b,S24_1046,1,2273.92
10254,b,S24_1628,1,1384.64
10254,c,S24_1937,1,1097.44
10254,b,S24_2766,1,2648.02
10254,b,S24_2887,1,3681.81
10254,b,S24_3191,1,2912.28
10254,b,S24_3432,1,4984.77
10254,c,S24_3969,1,796.00
10257,c,S18_2949,1,4609.50
10257,c,S18_2957,1,2907.66
10257,c,S18_3136,1,3099.86
10257,c,S18_3320,1,2373.02
10257,c,S24_4258,1,3763.26
10264,a,S18_3782,1,2805.12
10264,b,S18_4721,1,2499.80
10264,a,S24_2360,1,2280.68
10264,b,S24_4620,1,3533.46
10264,a,S32_2206,1,780.40
10264,a,S32_4485,1,3400.34
10264,a,S50_4713,1,3173.91
10273,b,S10_4757,1,4080.00
10273,d,S18_3029,1,2866.20
10273,c,S18_3140,1,4698.80
10273,d,S18_3259,1,4123.31
10273,c,S18_3856,1,5293.50
10273,c,S18_4522,1,2404.05
10273,d,S24_2011,1,2271.06
10273,c,S24_3151,1,2270.16
10273,c,S24_3816,1,4025.28
10273,d,S700_1138,1,1386.00
10273,d,S700_1938,1,1636.95
10273,d,S700_2610,1,2428.44
10273,d,S700_3505,1,3646.00
10273,d,S700_3962,1,2323.88
10273,d,S72_3212,1,1898.84
10274,a,S18_1662,1,5301.71
10274,a,S24_2841,1,2274.40
10274,c,S24_3420,1,1562.16
10274,d,S700_2047,1,1803.12
10274,a,S72_1253,1,1589.12
10277,b,S12_4675,1,2611.84
10289,c,S18_1342,1,3513.86
10289,c,S18_1367,1,1074.00
10289,c,S18_2795,1,6095.25
10289,c,S24_2022,1,1854.90
10296,a,S18_1662,1,5279.40
10296,d,S18_3029,1,1463.28
10296,c,S18_3856,1,2329.14
10296,a,S24_2841,1,1280.37
10296,c,S24_3420,1,1977.18
10296,c,S24_3816,1,1826.44
10296,a,S24_3949,1,2030.72
10296,c,S50_1341,1,1066.52
10296,a,S700_1691,1,3184.02
10296,d,S700_2047,1,3046.74
10296,a,S700_2466,1,2321.52
10296,a,S700_3167,1,1636.80
10296,a,S700_4002,1,2887.68
10296,a,S72_1253,1,980.28
10299,a,S10_1678,1,1760.88
10299,a,S10_4698,1,4773.69
10299,a,S12_2823,1,2964.24
10299,a,S18_3782,1,2424.63
10299,b,S18_4721,1,5832.96
10299,a,S24_1578,1,5032.29
10299,a,S24_2360,1,1942.71
10299,b,S24_4620,1,2121.28
10299,a,S32_2206,1,869.04
10299,a,S32_4485,1,3218.60
10299,a,S50_4713,1,3400.76
10302,c,S18_1749,1,7163.80
10302,c,S18_4409,1,3147.54
10302,b,S18_4933,1,1622.88
10302,b,S24_2766,1,3695.58
10302,b,S24_2887,1,4703.40
10302,b,S24_3191,1,3575.04
10314,b,S12_1108,1,6711.94
10314,b,S12_3148,1,5768.40
10314,b,S12_3891,1,6104.16
10314,d,S12_4473,1,4319.55
10314,b,S18_2238,1,5707.80
10314,c,S18_3140,1,2595.20
10314,d,S18_3259,1,1948.33
10314,b,S18_4027,1,3748.54
10314,b,S24_1444,1,2263.36
10314,b,S24_2840,1,1240.98
10314,b,S24_4048,1,4224.84
10314,d,S32_3207,1,2044.35
10314,d,S50_1392,1,3241.00
10314,d,S50_1514,1,1914.44
10314,d,S700_1938,1,1912.45
10315,c,S18_4522,1,2812.32
10315,d,S24_2011,1,3914.05
10315,c,S24_3151,1,1890.48
10315,d,S700_1138,1,2487.47
10315,d,S700_3505,1,3074.27
10315,d,S700_3962,1,3270.43
10315,d,S72_3212,1,2052.80
10326,d,S18_3259,1,3033.28
10326,c,S18_4522,1,3686.50
10326,d,S24_2011,1,4937.63
10326,c,S24_3151,1,3556.34
10326,c,S24_3816,1,1626.80
10326,d,S700_1138,1,2366.13
10329,a,S10_1678,1,3376.38
10329,a,S10_2016,1,2188.40
10329,a,S10_4698,1,4279.86
10329,b,S12_1099,1,7498.90
10329,a,S12_2823,1,3072.72
10329,b,S12_3380,1,5402.24
10329,b,S12_3990,1,2448.93
10329,b,S12_4675,1,3997.11
10329,b,S18_1889,1,1920.38
10329,a,S18_2625,1,2117.36
10329,b,S18_3278,1,2474.94
10329,a,S24_1578,1,3144.30
10329,a,S24_2000,1,2649.20
10329,a,S32_1374,1,3640.95
10329,a,S72_1253,1,1813.68
10332,c,S18_1342,1,4111.48
10332,c,S18_1367,1,1382.67
10332,c,S18_2248,1,2047.44
10332,c,S18_2325,1,4093.60
10332,c,S18_2795,1,3321.12
10332,c,S18_2957,1,1380.34
10332,c,S18_3136,1,4021.20
10332,c,S18_4409,1,4601.50
10332,b,S18_4933,1,1481.76
10332,b,S24_1046,1,1419.79
10332,b,S24_1628,1,945.80
10332,c,S24_1937,1,1344.15
10332,c,S24_2022,1,1118.26
10332,b,S24_2766,1,3295.89
10332,b,S24_2887,1,4753.76
10332,b,S24_3191,1,3505.95
10332,b,S24_3432,1,2921.13
10332,c,S24_3969,1,1413.27
10340,a,S24_2000,1,3435.30
10340,a,S24_4278,1,2550.40
10340,a,S32_1374,1,5273.95
10340,c,S32_4289,1,2628.99
10340,c,S50_1341,1,1483.60
10340,a,S700_1691,1,2219.70
10340,a,S700_2466,1,4497.35
10340,a,S700_2834,1,2855.92
10345,c,S24_2022,1,1676.14
10346,c,S18_1342,1,3711.12
10346,b,S24_2766,1,2181.00
10346,b,S24_2887,1,2818.56
10346,b,S24_3191,1,1931.28
10346,b,S24_3432,1,2700.62
10346,c,S24_3969,1,848.54
10347,b,S10_1949,1,5657.40
10347,b,S10_4962,1,3590.19
10347,d,S12_1666,1,3844.53
10347,d,S18_1097,1,4753.14
10347,c,S18_1367,1,973.56
10347,d,S18_2432,1,2552.50
10347,c,S18_2795,1,2870.49
10347,c,S18_2949,1,4036.32
10347,c,S18_2957,1,2060.06
10347,c,S18_3136,1,4288.50
10347,c,S18_3320,1,2192.58
10347,d,S18_4600,1,5176.35
10353,a,S18_2581,1,1938.87
10353,a,S24_1785,1,3002.44
10353,a,S24_4278,1,2434.25
10353,a,S32_1374,1,3997.40
10353,c,S32_4289,1,2724.00
10353,c,S50_1341,1,1431.20
10353,a,S700_1691,1,2849.73
10353,a,S700_2834,1,4727.04
10353,a,S700_3167,1,3199.20
10354,a,S10_1678,1,3537.24
10354,a,S10_2016,1,1903.00
10354,a,S10_4698,1,7483.14
10354,b,S12_1099,1,4885.60
10354,a,S12_2823,1,4955.30
10354,b,S12_3380,1,2860.85
10354,b,S12_3990,1,1762.03
10354,b,S12_4675,1,2805.32
10354,b,S18_1889,1,1600.83
10354,a,S18_2625,1,1373.68
10354,b,S18_3278,1,2489.40
10354,a,S24_1578,1,2035.32
10354,a,S24_2000,1,1748.88
10374,a,S10_2016,1,4499.43
10374,a,S10_4698,1,3493.60
10374,a,S18_2581,1,3157.98
10374,a,S18_2625,1,1066.12
10374,a,S24_1578,1,4282.60
10374,a,S24_1785,1,4932.58
10378,b,S18_1589,1,4146.30
10378,b,S18_3278,1,1468.28
10378,b,S18_3482,1,6320.57
10378,a,S18_3782,1,1688.40
10378,b,S18_4721,1,5978.98
10378,b,S24_2972,1,1254.19
10378,b,S24_3371,1,2422.36
10378,b,S24_3856,1,4263.60
10378,b,S24_4620,1,3314.44
10378,a,S32_2206,1,1432.00
10379,c,S18_1749,1,6099.60
10379,c,S18_2248,1,1372.95
10379,b,S18_2870,1,3292.08
10379,b,S18_3685,1,4295.04
10379,b,S24_1628,1,1561.60
10381,b,S10_1949,1,6557.76
10381,b,S10_4962,1,5138.56
10381,d,S12_1666,1,2651.40
10381,d,S18_1097,1,5488.32
10381,c,S18_1367,1,1240.00
10381,d,S18_2432,1,2126.95
10381,c,S18_2949,1,4112.30
10381,c,S18_2957,1,2048.80
10381,c,S18_3136,1,3262.00
10382,b,S12_1108,1,5652.16
10382,b,S12_3148,1,5366.48
10382,b,S12_3891,1,4882.74
10382,d,S12_4473,1,3299.20
10382,b,S18_2238,1,4011.50
10382,c,S18_3320,1,4216.50
10382,d,S18_4600,1,4486.17
10382,c,S18_4668,1,1805.31
10382,d,S24_2300,1,2402.40
10382,c,S24_4258,1,3213.87
10382,d,S32_1268,1,2228.72
10382,d,S32_3522,1,2761.44
10382,b,S700_2824,1,3439.10
10385,c,S24_3816,1,2916.71
10385,d,S700_1138,1,1550.00
10398,a,S18_1662,1,4319.04
10398,a,S18_2581,1,2814.86
10398,d,S18_3029,1,1975.12
10398,c,S18_3856,1,4144.95
10398,a,S24_1785,1,4328.81
10398,a,S24_2841,1,1688.12
10398,c,S24_3420,1,2079.10
10398,a,S24_3949,1,2322.24
10398,a,S24_4278,1,2966.85
10398,c,S32_4289,1,1331.88
10398,c,S50_1341,1,1903.16
10398,a,S700_1691,1,3691.85
10398,d,S700_2047,1,2704.68
10398,a,S700_2466,1,2171.84
10398,a,S700_2834,1,2346.92
10398,a,S700_3167,1,2227.20
10398,a,S700_4002,1,2238.84
10398,a,S72_1253,1,1401.48
10409,c,S18_2325,1,625.50
10409,c,S24_1937,1,1700.68
10410,c,S18_1342,1,6477.90
10410,c,S18_1367,1,2253.24
10410,c,S18_2795,1,8127.28
10410,c,S18_2949,1,4380.87
10410,c,S18_2957,1,2648.41
10410,c,S18_3136,1,2883.88
10410,c,S18_3320,1,3579.40
10410,c,S24_2022,1,1319.36
10410,c,S24_4258,1,4772.00
